묶음,id,제목,길흉,사유,문장수,요약,본문
"A","animal-001","돼지가 품에 안기는 꿈","길몽","요약⊂본문","3","재물이 들어오는 대표적인 길몽","품 안으로 돼지가 뛰어들거나 안기는 꿈은 한국 민속에서 재물이 들어오는 대표적인 길몽으로 꼽힌다. 예로부터 돼지는 넉넉함과 다산을 상징해 복권 구매나 사업 시작 등 재물과 관련된 결정을 앞둔 사람에게 좋은 징조로 해석되어 왔다. 다만 품에 안겼다가 다시 빠져나가면 들어온 재물이 곧 흩어질 수 있다는 뜻으로도 풀이된다."
"B","animal-006","용을 타고 하늘을 나는 꿈","길몽","요약≈본문첫문장(0.63)","3","고위직 승진이나 시험 합격을 암시하는 꿈","용을 타고 하늘을 날아다니는 꿈은 예로부터 승진이나 출세, 고시 합격을 암시하는 길몽으로 전해진다. 용이 왕권과 권위를 상징하는 상상의 동물이라는 점에서, 용을 다스리듯 타고 난다는 것은 곧 큰 권세를 얻게 됨을 뜻한다. 시험을 앞두었거나 중요한 승진을 기다리는 사람이라면 특히 반가운 꿈으로 여겨진다."
"B","animal-013","호랑이에게 물리는 꿈","길몽","요약≈본문첫문장(0.82)","3","큰 명예와 성공을 얻게 되는 꿈","호랑이와 맞서 물리거나 싸워 이기는 꿈은 앞으로 큰 명예와 성공을 얻게 됨을 암시하는 길몽으로 전해진다. 호랑이는 예로부터 백수의 왕으로서 권세와 승리를 상징해 온 동물이다. 직접적인 접촉이 있을수록 그 성취의 크기도 크다고 풀이된다."
"B","animal-015","호랑이와 싸워 이기는 꿈","길몽","요약≈본문첫문장(0.60)","3","경쟁에서 승리하고 사업이 번창하는 꿈","호랑이와 싸워 이기는 꿈은 치열한 경쟁에서 승리하거나 사업체를 크게 일으키게 됨을 암시하는 길몽으로 여겨진다. 호랑이의 위엄 있는 울음소리나 모습을 보는 것만으로도 승진이나 명예를 얻을 조짐으로 해석된다. 다만 호랑이에게 크게 위협을 느끼며 도망쳤다면 반대로 흉몽에 가깝게 풀이되기도 한다."
"B","animal-017","말을 타고 하늘로 오르는 꿈","길몽","요약≈본문첫문장(0.67)","3","시험 합격과 출세를 암시하는 꿈","말을 타고 하늘로 올라가는 꿈은 고시 합격이나 정치 선거 당선처럼 큰 출세를 암시하는 길몽으로 전해진다. 말은 예로부터 배우자, 협조자, 재물, 권세를 상징하는 동물로 여겨져 왔다. 준마를 타고 순조롭게 나아갈수록 앞으로의 일도 막힘없이 풀린다고 해석된다."
"B","animal-021","토끼를 키우는 꿈","길몽","요약≈본문첫문장(0.89)","3","재물이 점점 불어나는 꿈","토끼를 기르는 꿈은 재물이 점점 불어나게 됨을 암시하는 길몽으로 전해지며, 꿈속에서 토끼가 새끼를 많이 낳을수록 재물도 그만큼 늘어난다고 풀이된다. 토끼는 번식력이 강한 동물이라는 특징이 재물 증식의 상징으로 자연스럽게 이어졌다. 다만 기르던 토끼가 우리를 벗어나 도망가는 장면으로 이어지면 반대로 재물을 잃는다는 뜻이 된다."
"B","animal-022","토끼가 도망가는 꿈","흉몽","요약≈본문첫문장(0.67)","3","재물이나 일자리를 잃을 수 있다는 경고","기르던 토끼가 우리에서 벗어나 도망가는 꿈은 재물을 잃거나 하던 일자리를 잃게 될 수 있다는 경고로 전해진다. 토끼가 민간에서 재물과 이득을 상징하는 동물로 여겨져 온 만큼, 토끼가 사라지는 장면은 그 상징이 사라지는 것으로 해석된다. 산에서 토끼를 잡으려다 놓치는 꿈 역시 큰돈을 얻을 뻔하다 놓치는 것으로 풀이된다."
"B","animal-024","물고기가 그물 가득 잡히는 꿈","길몽","요약≈본문첫문장(1.00)","3","재물이 넉넉하게 들어오는 꿈","그물이나 어항 가득 물고기가 잡히는 꿈은 재물이 넉넉하게 들어오는 길몽으로 널리 알려져 있다. 물고기의 수가 많고 크기가 클수록 들어오는 재물의 규모도 크다고 전해진다. 다만 잡은 물고기를 다시 놓아주는 꿈으로 이어지면 얻은 재물이 흩어질 수 있다는 뜻으로 풀이되기도 한다."
"B","animal-027","봉황이 날아드는 꿈","길몽","요약≈본문첫문장(0.87)","3","귀한 인물이 될 자손을 얻는 최고의 태몽","봉황이 하늘에서 날아와 품에 들어오는 꿈은 귀하고 훌륭한 인물이 될 자손을 얻게 되는 최고의 태몽 가운데 하나로 전해진다. 봉황은 상서로움과 고귀함을 상징하는 상상의 새로, 왕가와 관련된 전설에도 자주 등장한다. 화려한 깃털을 가진 봉황일수록 아이의 앞날도 화려할 것이라는 뜻으로 풀이된다."
"B","animal-028","거북이가 집으로 들어오는 꿈","길몽","요약≈본문첫문장(0.92)","3","장수와 재물운이 함께 들어오는 꿈","거북이가 마당이나 집 안으로 느릿하게 들어오는 꿈은 장수와 재물운이 함께 찾아오는 길몽으로 전해진다. 거북이는 예로부터 십장생의 하나로 오래도록 변치 않는 복을 상징해 왔다. 거북이가 등에 무언가를 지고 들어오는 모습이었다면 재물이 함께 들어온다는 뜻으로 더욱 좋게 풀이된다."
"B","animal-030","고양이가 품에 안기는 꿈","길몽","요약≈본문첫문장(0.60)","3","상황에 따라 해석이 갈리는 이중적인 꿈","고양이가 품 안으로 파고들어 안기는 꿈은 상황에 따라 해석이 크게 갈리는 꿈으로 전해진다. 순하고 예쁜 고양이였다면 여자아이를 얻는 태몽이나 좋은 인연으로 풀이되지만, 고양이가 할퀴거나 사납게 굴었다면 주변 사람의 시기와 질투를 조심하라는 경고로 해석된다. 고양이 특유의 예민하고 독립적인 이미지가 이러한 이중적 해석의 배경이 된다."
"B","body-001","이가 빠지는 꿈","흉몽","요약≈본문첫문장(0.65)","3","집안 어른에게 흉한 일이 있을 수 있다는 경고","멀쩡하던 이가 갑자기 빠지는 꿈은 전통 해몽에서 집안 어른에게 좋지 않은 일이 생길 수 있다는 경고로 널리 알려져 있다. 몸의 일부가 빠져나간다는 상실감이 가까운 사람과의 이별을 암시한다고 풀이된다. 피 없이 깨끗하게 빠졌다면 그 정도가 비교적 가볍다는 뜻으로 해석되기도 한다."
"B","body-003","발가벗은 채로 있는 꿈","길몽","요약≈본문첫문장(0.67)","3","부끄러움과 달리 좋은 일이 생기는 길몽","사람들 앞에서 발가벗은 채로 있는 꿈은 당혹스러운 느낌과 달리 좋은 일이 생기게 됨을 암시하는 길몽으로 전해진다. 가진 것 없이 있는 그대로의 모습이 오히려 숨김없는 솔직함과 순수함으로 해석된다고 풀이된다. 부끄러움을 느끼지 않고 당당했다면 그 좋은 일이 더욱 확실하다는 뜻이다."
"B","body-004","몸에 날개가 돋아나는 꿈","길몽","요약≈본문첫문장(0.93)","3","큰 도약과 성공을 암시하는 대길한 꿈","등에서 날개가 돋아나 하늘을 날 수 있게 되는 꿈은 인생에 큰 도약과 성공이 찾아오는 것을 암시하는 대길한 꿈으로 전해진다. 몸에 없던 능력이 새롭게 생겨나는 상징이 그동안 없던 기회나 능력을 얻게 됨을 뜻한다고 풀이된다. 날개를 퍼덕이며 자유롭게 날았다면 그 성공이 마음껏 펼쳐진다는 뜻이다."
"B","body-005","목욕을 하는 꿈","길몽","요약≈본문첫문장(0.82)","3","묵은 근심이 씻겨나가고 새 출발을 하는 길몽","따뜻한 물에 몸을 담그고 목욕을 하는 꿈은 묵은 근심이나 나쁜 기운이 씻겨나가고 새로운 시작을 하게 됨을 암시하는 길몽으로 전해진다. 몸을 깨끗이 씻어내는 행위가 직장을 옮기거나 나쁜 기운을 떨쳐내는 것과 연결되어 해석된다. 목욕 후 몸이 유난히 개운하고 가벼웠다면 그 변화가 만족스럽다는 뜻이다."
"B","body-007","상여를 보는 꿈","길몽","요약≈본문첫문장(0.82)","3","뜻밖의 재물을 얻게 되는 길몽","장례 행렬의 상여를 보는 꿈은 놀라움과 달리 뜻밖의 재물을 얻게 됨을 암시하는 길몽으로 전해진다. 죽음과 관련된 상징이 오히려 재물운으로 반대해석되는 대표적인 사례로 전해진다. 상여가 화려하고 사람이 많이 따랐다면 그 재물의 규모도 크다는 뜻이다."
"B","body-008","머리카락이 길게 자라는 꿈","길몽","요약≈본문첫문장(0.92)","3","재물과 명예가 함께 자라나는 길몽","머리카락이 눈에 띄게 길게 자라나는 꿈은 재물과 명예가 함께 늘어나게 됨을 암시하는 길몽으로 전해진다. 머리카락이 예로부터 정기와 생명력을 상징해온 만큼, 그것이 풍성하게 자라는 모습은 좋은 기운이 쌓이는 것으로 풀이된다. 머리카락이 윤기 있고 검었다면 그 복이 더욱 좋다는 뜻이다."
"B","body-009","머리카락이 한 움큼 빠지는 꿈","흉몽","요약≈본문첫문장(0.81)","3","기운이 빠지고 근심이 생길 수 있다는 경고","머리를 빗다가 머리카락이 한 움큼씩 빠지는 꿈은 기운이 빠지거나 근심스러운 일이 생길 수 있다는 경고로 전해진다. 몸의 일부가 자연스럽지 않게 빠져나가는 것이 활력이나 재물의 손실과 연결되어 해석된다. 빠진 자리에 다시 새 머리카락이 나는 꿈으로 이어지면 회복의 조짐으로 풀이된다."
"B","body-010","손톱이 길게 자라는 꿈","길몽","요약≈본문첫문장(0.75)","3","재물이 쌓여가는 길몽","손톱이 눈에 띄게 길게 자라는 꿈은 재물이 조금씩 쌓여가고 있음을 암시하는 길몽으로 전해진다. 자꾸만 자라나는 손톱의 이미지가 꾸준히 늘어나는 재산을 상징한다고 풀이된다. 자란 손톱이 깨끗하고 단정했다면 그 재물이 정당한 노력으로 쌓인 것이라는 뜻이다."
"B","body-013","몸에서 피를 흘리는 꿈","길몽","요약≈본문첫문장(0.62)","3","뜻밖의 재물을 얻는 반대해몽 길몽","몸에서 피를 흘리는 꿈은 놀라운 느낌과 달리 전통 해몽에서 뜻밖의 재물을 얻게 되는 길몽으로 풀이되어 왔다. 흘러나오는 피가 곧 흘러들어오는 재물로 반대 해석되는 대표적인 사례로 전해진다. 피가 붉고 선명할수록 그 재물의 규모도 크다고 전해진다."
"B","body-014","몸이 커지고 우람해지는 꿈","길몽","요약≈본문첫문장(0.91)","3","지위와 영향력이 커지는 길몽","자신의 몸이 눈에 띄게 커지고 우람해지는 꿈은 사회적 지위와 영향력이 크게 확대됨을 암시하는 길몽으로 전해진다. 몸집이 커지는 상징이 그릇의 크기가 넓어지는 것과 자연스럽게 연결되어 해석된다. 커진 몸으로 힘차게 움직였다면 그 영향력을 실제로 잘 발휘하게 된다는 뜻이다."
"A","body-015","몸이 작아지는 꿈","흉몽","요약⊂본문","3","위축되거나 자신감을 잃을 수 있다는 경고","자신의 몸이 점점 작아져 초라해지는 꿈은 현실에서 위축되거나 자신감을 잃을 수 있다는 경고로 전해진다. 몸집이 줄어드는 상징이 영향력이나 발언권이 약해지는 것과 연결되어 해석된다. 작아졌던 몸이 다시 원래대로 돌아왔다면 위축된 마음도 곧 회복된다는 뜻이다."
"B","body-016","눈이 잘 보이지 않는 꿈","흉몽","요약≈본문첫문장(0.67)","3","판단력이 흐려질 수 있다는 경고","눈앞이 흐릿하고 잘 보이지 않는 꿈은 현실에서 상황 판단이 흐려지거나 중요한 것을 놓칠 수 있다는 경고로 전해진다. 시야가 좁아지는 상징이 정보 부족이나 편협한 판단을 나타낸다고 풀이된다. 안경을 쓰거나 눈을 비벼 다시 잘 보이게 되었다면 곧 상황을 명확히 파악하게 된다는 뜻이다."
"B","body-018","다리를 다쳐 걷지 못하는 꿈","흉몽","요약≈본문첫문장(0.81)","3","계획한 일에 걸림돌이 생길 수 있다는 경고","다리를 다쳐 제대로 걷지 못하는 꿈은 앞으로 나아가려는 계획에 걸림돌이 생길 수 있다는 경고로 전해진다. 이동의 자유를 상징하는 다리가 다친다는 것이 일이 지연되거나 막히는 상황으로 풀이된다. 다친 다리가 치료되어 다시 걸을 수 있게 되었다면 그 걸림돌도 곧 해결된다는 뜻이다."
"B","body-019","팔이 부러지는 꿈","흉몽","요약≈본문첫문장(0.82)","3","의지하던 힘이나 도움을 잃을 수 있다는 경고","팔이 부러져 움직이지 못하는 꿈은 의지하던 힘이나 곁에서 돕던 사람을 잃을 수 있다는 경고로 전해진다. 물건을 쥐고 일을 해내는 팔의 기능이 상실되는 것이 실질적인 능력이나 조력자의 부재를 상징한다고 풀이된다. 부러졌던 팔이 다시 붙어 회복되었다면 잃었던 힘을 다시 되찾게 된다는 뜻이다."
"B","body-021","몸에 새로운 점이 생기는 꿈","길몽","요약≈본문첫문장(0.69)","3","새로운 인연이나 특별한 표식이 생기는 꿈","몸 어딘가에 없던 점이 새로 생기는 꿈은 새로운 인연을 맺거나 특별한 사건이 자신에게 표식처럼 남게 됨을 암시한다고 풀이된다. 점의 위치와 모양이 뚜렷하고 선명했다면 그 인연이나 사건이 오래도록 기억에 남는다는 뜻이다. 반대로 점이 거뭇하고 지저분했다면 사소한 걱정거리가 생길 수 있다는 뜻으로도 해석된다."
"B","body-023","몸에 살이 오르는 꿈","길몽","요약≈본문첫문장(0.89)","3","살림이 넉넉해지는 길몽","홀쭉했던 몸에 통통하게 살이 오르는 꿈은 살림이 넉넉해지고 생활에 여유가 생기게 됨을 암시하는 길몽으로 전해진다. 몸에 살이 붙는 모습이 곧 풍족한 삶과 자연스럽게 연결되어 해석된다. 살이 오른 모습이 건강하고 혈색이 좋았다면 그 풍요로움이 건강까지 함께 따른다는 뜻이다."
"B","body-025","키가 갑자기 커지는 꿈","길몽","요약≈본문첫문장(1.00)","3","지위가 높아지고 앞날이 밝아지는 길몽","자신의 키가 눈에 띄게 훌쩍 커지는 꿈은 사회적 지위가 높아지고 앞날이 밝아지게 됨을 암시하는 길몽으로 전해진다. 위로 성장하는 모습이 발전과 도약을 상징한다고 풀이된다. 커진 키만큼 시야도 넓어지는 느낌이었다면 넓은 안목으로 큰일을 이루게 된다는 뜻이다."
"B","body-027","온몸이 가려운 꿈","흉몽","요약≈본문첫문장(0.86)","3","신경 쓰이는 일이 있음을 알려주는 꿈","이유 없이 온몸이 가려워 긁는 꿈은 마음속에 신경 쓰이거나 해결하지 못한 일이 있음을 알려주는 꿈으로 풀이된다. 가려움을 참지 못하고 긁는 행동이 답답한 마음을 해소하려는 시도를 상징한다고 해석된다. 긁고 난 뒤 가려움이 말끔히 사라졌다면 그 신경 쓰이던 일도 곧 해결된다는 뜻이다."
"B","body-028","빠진 이가 새로 나는 꿈","길몽","요약≈본문첫문장(0.67)","3","회복과 재도약을 암시하는 길몽","빠졌던 이가 새로 자라나는 꿈은 잃었던 것을 되찾거나 힘든 시기를 지나 재도약하게 됨을 암시하는 길몽으로 전해진다. 새로 돋아나는 이의 이미지가 회복과 재생의 상징으로 풀이된다. 새로 난 이가 튼튼하고 하얗게 빛났다면 그 회복이 이전보다 더 좋은 방향으로 이루어진다는 뜻이다."
"B","body-029","얼굴이 환하게 빛나는 꿈","길몽","요약≈본문첫문장(0.67)","3","좋은 일과 인기를 얻게 되는 길몽","거울이나 물에 비친 자신의 얼굴이 유난히 환하고 빛나 보이는 꿈은 좋은 일이 생기고 주변의 인기를 얻게 됨을 암시하는 길몽으로 전해진다. 얼굴빛이 밝아지는 것이 곧 마음의 여유와 자신감을 상징한다고 풀이된다. 그 모습을 본 주변 사람들이 칭찬을 건넸다면 실제로도 좋은 평판을 얻게 된다는 뜻이다."
"B","body-030","몸에서 은은한 향기가 나는 꿈","길몽","요약≈본문첫문장(0.75)","3","좋은 평판과 인연이 따르는 길몽","자신의 몸에서 은은하고 좋은 향기가 풍기는 꿈은 주변에 좋은 평판이 퍼지고 귀한 인연이 따르게 됨을 암시하는 길몽으로 전해진다. 향기가 멀리까지 퍼지는 특성이 곧 좋은 소문이나 매력이 널리 알려지는 것을 상징한다고 풀이된다. 그 향기에 이끌려 사람들이 다가왔다면 실제로 좋은 인연이 자연스럽게 따른다는 뜻이다."
"A","body-031","머리카락을 양쪽으로 가르는 꿈","흉몽","본문1문장, 요약≈본문첫문장(0.71)","1","집안에 환자나 우환이 생기는 흉몽입니다.","머리카락을 양쪽으로 가르는 꿈은 근심이 생기거나 집안에 환자나 우환이 생깁니다."
"A","body-032","머리카락을 억지로 자르는 꿈","흉몽","본문1문장, 요약≈본문첫문장(0.76)","1","하는 일이 부진해지고 가족에게 불행한 일이 생기는 흉몽입니다.","억지로 머리카락을 자르는 꿈은 하는 일이 부진해지고 가족에게 불행한 일이 생깁니다."
"A","body-033","머리카락을 한데 묶는 꿈","보통","본문1문장, 요약⊂본문","1","좋은 인연을 만나거나 귀인의 도움으로 교제가 성사되는 길몽입니다.","머리카락을 묶는 꿈은 좋은 인연을 만나거나 귀인의 도움으로 교제가 성사되는 길몽입니다."
"A","body-034","머리카락을 자르는 꿈","보통","본문1문장, 요약≈본문첫문장(0.77)","1","스스로 자르면 걱정거리가 전부 해소되는 길몽입니다.","스스로 머리카락을 자르면 걱정거리가 모두 해소되고 소원을 성취하는 길몽입니다."
"A","body-035","머리카락이 갑자기 빠져 대머리가 되는 꿈","흉몽","본문1문장, 요약≈본문첫문장(0.77)","1","모함과 재산 손실, 가족 피해 등 큰 재난을 암시하는 흉몽입니다.","갑작스러운 탈모 꿈은 모함과 재산 손실, 가족 피해 등 큰 재난이 닥칠 흉몽입니다."
"A","body-036","머리카락이 길어진 꿈","보통","본문1문장, 요약≈본문첫문장(0.85)","1","귀인의 도움으로 사업이 발전하고 어려움을 극복하는 길몽입니다.","귀인의 도움으로 직장이나 사업이 발전하고 어려운 상황을 극복하게 되는 길몽입니다."
"A","body-037","머리카락이 곱고 윤기가 나는 꿈","보통","본문1문장, 요약⊂본문","1","공적을 인정받아 상이나 훈장을 받고 명예를 얻는 길몽입니다.","머리카락이 윤기 나는 꿈은 공적을 인정받아 상이나 훈장을 받고 명예를 얻는 길몽입니다."
"A","body-038","머리카락이 흰머리로 변하는 꿈","보통","본문1문장, 요약≈본문첫문장(0.95)","1","명예와 지위가 높아지고 수명이 길어지는 길몽입니다.","흰머리로 변하는 꿈은 명예와 지위가 높아지고 근심이 해소되며 수명이 길어지는 길몽입니다."
"A","body-039","바람에 머리카락이 어지럽게 날리는 꿈","흉몽","본문1문장, 요약≈본문첫문장(0.89)","1","가정에 좋지 않은 일이 생기고 심리 상태가 불안정해지는 흉몽입니다.","가정에 좋지 않은 일이 생기거나 심리 상태가 방향을 잃고 불안정해지는 흉몽입니다."
"A","crawled-001","땅이 갈라지는 꿈","흉몽","본문2문장, 요약=본문앞부분잘림","2","꿈에서 두렵고 무서운 감정을 느꼈다면 실제로 사고가 날 수 있는 흉몽으로 해석된다. 반대로","꿈에서 두렵고 무서운 감정을 느꼈다면 실제로 사고가 날 수 있는 흉몽으로 해석된다. 반대로 무섭지 않았다면 본인에게 아주 큰 변화가 생길 수 있음을 암시한다."
"A","crawled-002","땅이 꺼지는 꿈","흉몽","본문2문장, 요약=본문앞부분잘림","2","꿈 해몽상 땅은 재산과 생활터전, 집안의 여성(어머니·아내·할머니)을 뜻한다. 땅이 꺼지는","꿈 해몽상 땅은 재산과 생활터전, 집안의 여성(어머니·아내·할머니)을 뜻한다. 땅이 꺼지는 꿈은 재산상의 손실이 발생하거나 집안의 여성에게 안 좋은 일이 생긴다고 해석된다."
"A","crawled-003","이빨이 몽땅 빠지는 꿈","흉몽","요약=본문앞부분잘림","3","이빨은 본인의 가족을 상징한다. 꿈의 분위기에 따라 길몽과 흉몽으로 나뉜다. 가족 내 오랜","이빨은 본인의 가족을 상징한다. 꿈의 분위기에 따라 길몽과 흉몽으로 나뉜다. 가족 내 오랜 걱정거리가 해결되는 변화를 암시하기도 하고, 반대로 가족이나 주변 사람에게 불행이 닥칠 징조이기도 하다."
"A","crawled-004","땅사는 꿈","길몽","본문2문장, 요약=본문앞부분잘림","2","땅을 사는 것은 새로운 일을 시작한다는 의미로 받아들여진다. 지금까지 경험하지 못한 분야에","땅을 사는 것은 새로운 일을 시작한다는 의미로 받아들여진다. 지금까지 경험하지 못한 분야에 뛰어들게 되면 좋은 성과를 얻을 수 있는 길몽이다."
"A","crawled-005","지렁이가 땅속으로 숨어버리는 꿈","흉몽","본문1문장, 요약=본문앞부분잘림","1","지렁이가 땅속으로 숨어버리는 꿈을 꾸게 되면 사업장이나 집안에 사고나 우환이 생겨 근심 걱","지렁이가 땅속으로 숨어버리는 꿈을 꾸게 되면 사업장이나 집안에 사고나 우환이 생겨 근심 걱정이 있음을 뜻한다."
"A","crawled-006","지진이 일어나거나 땅이 몹시 흔들리는 꿈","흉몽","본문2문장, 요약=본문앞부분잘림","2","큰 규모의 총파업·분규·혁명이 발발하는 것을 상징한다. 개인적으로는 변동이 있거나 사소한","큰 규모의 총파업·분규·혁명이 발발하는 것을 상징한다. 개인적으로는 변동이 있거나 사소한 일로 소송사건에 휘말릴 수 있다."
"A","crawled-007","금붕어가 땅에 떨어져 어항에 집어넣는 꿈","길몽","본문1문장, 요약=본문앞부분잘림","1","금붕어가 땅에 떨어져 어항에 집어넣는 꿈은 예술적 능력이 뛰어난 아이를 출산하게 된다는 태","금붕어가 땅에 떨어져 어항에 집어넣는 꿈은 예술적 능력이 뛰어난 아이를 출산하게 된다는 태몽이다."
"A","crawled-008","용이 땅에 있는 꿈","길몽","본문2문장, 요약=본문앞부분잘림","2","용이 땅에 있는 꿈은 아이의 인물이 뛰어나나 세력을 얻지는 못한다는 태몽이다. 승천하지 못","용이 땅에 있는 꿈은 아이의 인물이 뛰어나나 세력을 얻지는 못한다는 태몽이다. 승천하지 못한 용처럼 평범하게 살 아이를 상징한다."
"A","crawled-009","연못을 만들기 위해 땅을 파는 꿈","흉몽","본문1문장, 요약⊂본문","1","연못을 만들기 위해 땅을 파는 꿈은 후회할 일이 생긴다는 것을 암시한다.","연못을 만들기 위해 땅을 파는 꿈은 후회할 일이 생긴다는 것을 암시한다."
"A","crawled-010","자신이 죽인 시체를 땅에 묻는 꿈","보통","본문1문장, 요약⊂본문","1","어떤 일을 깨끗이 처리하거나 비밀에 부쳐야 할 처지에 놓인다는 것을 상징한다.","어떤 일을 깨끗이 처리하거나 비밀에 부쳐야 할 처지에 놓인다는 것을 상징한다."
"A","crawled-011","땅속에서 헤엄치는 꿈","흉몽","본문1문장, 요약⊂본문","1","부정한 일을 하거나 정부와 적대되는 일을 하게 된다는 것을 상징한다.","부정한 일을 하거나 정부와 적대되는 일을 하게 된다는 것을 상징한다."
"A","crawled-012","번개와 같은 광선이 하늘에서 땅으로 뻗쳐 오는 꿈","길몽","본문1문장, 요약⊂본문","1","추진 중인 일이 많은 사람들을 감동시키게 된다는 것을 암시한다.","추진 중인 일이 많은 사람들을 감동시키게 된다는 것을 암시한다."
"A","crawled-013","무수한 별이 하늘에서 쏟아져 땅에 쌓이는 꿈","길몽","본문1문장, 요약⊂본문","1","연구 자료를 수집할 일이 생기거나 창작품을 발표하게 된다는 것을 암시한다.","연구 자료를 수집할 일이 생기거나 창작품을 발표하게 된다는 것을 암시한다."
"A","crawled-014","동전을 땅에서 몇 개 줍는 꿈","흉몽","본문2문장, 요약⊂본문","2","상대방과 작은 일로 싸움을 하게 된다. 돈을 조금 가지고 있으면 걱정거리가 생긴다.","상대방과 작은 일로 싸움을 하게 된다. 돈을 조금 가지고 있으면 걱정거리가 생긴다."
"A","crawled-015","화장실에 갔으나 마땅한 곳이 없어 들어가지 못하는 꿈","흉몽","본문1문장, 요약⊂본문","1","자기가 원하던 일이 뜻대로 이루어지지 않는다는 것을 암시한다.","자기가 원하던 일이 뜻대로 이루어지지 않는다는 것을 암시한다."
"A","crawled-016","땅을 파서 몸을 묻는 꿈","길몽","본문1문장, 요약⊂본문","1","재산이 불어나고 저축이 많아진다는 것을 상징하는 길몽이다.","재산이 불어나고 저축이 많아진다는 것을 상징하는 길몽이다."
"A","crawled-017","갈라진 땅속으로 몸이 빠지는 꿈","흉몽","본문1문장, 요약⊂본문","1","자신이나 주변에서 불길한 일이 일어날 징조이다.","자신이나 주변에서 불길한 일이 일어날 징조이다."
"A","crawled-018","자신을 묻기 위해 땅을 파는 꿈","길몽","본문2문장, 요약=본문앞부분잘림","2","집을 새로 장만하거나 새 직장을 구한다. 땅을 파서 자신을 묻었다면 재산이 크게 늘어날 징","집을 새로 장만하거나 새 직장을 구한다. 땅을 파서 자신을 묻었다면 재산이 크게 늘어날 징조다."
"A","crawled-019","땅속에 파묻히는 꿈","흉몽","본문2문장, 요약=본문앞부분잘림","2","땅에 파묻히는 것은 재물과 돈이 파묻힌다는 암시다. 파묻혀서 질식하는 꿈은 곤란과 불안을","땅에 파묻히는 것은 재물과 돈이 파묻힌다는 암시다. 파묻혀서 질식하는 꿈은 곤란과 불안을 나타낸다."
"A","crawled-020","땅바닥에 앉아 있는 꿈","길몽","본문2문장, 요약⊂본문","2","생활환경이 안정될 조짐으로 좋은 꿈이다. 또는 술대접을 받을 일이 생긴다.","생활환경이 안정될 조짐으로 좋은 꿈이다. 또는 술대접을 받을 일이 생긴다."
"A","crawled-021","몸이 땅속으로 빨려 들어가는 꿈","길몽","본문1문장, 요약⊂본문","1","부동산, 권력, 명성 등을 얻고 재복이 따른다는 길몽이다.","부동산, 권력, 명성 등을 얻고 재복이 따른다는 길몽이다."
"A","crawled-022","다 익어 땅에 떨어진 감을 주워 먹는 꿈","흉몽","본문1문장, 요약⊂본문","1","여러 사람들로부터 무시당하거나 남의 것을 모방하다 망신을 당한다.","여러 사람들로부터 무시당하거나 남의 것을 모방하다 망신을 당한다."
"A","crawled-023","땅을 팔아 돈을 버는 꿈","흉몽","본문2문장, 요약=본문앞부분잘림","2","실업자는 일자리를 얻고 직장인은 중요한 부서로 이동할 암시다. 단, 노약자라면 건강이 악화","실업자는 일자리를 얻고 직장인은 중요한 부서로 이동할 암시다. 단, 노약자라면 건강이 악화될 암시이기도 하다."
"A","crawled-024","땅속에 묻힌 옥새를 파내는 꿈","길몽","본문1문장, 요약⊂본문","1","사업을 추진하며 주도적인 위치에서 일하거나 세력을 넓힌다는 것을 상징한다.","사업을 추진하며 주도적인 위치에서 일하거나 세력을 넓힌다는 것을 상징한다."
"A","crawled-025","맨땅에서 미끄러져 넘어지는 꿈","흉몽","본문1문장, 요약⊂본문","1","직위 하향, 신분 몰락을 가져오거나 시험·연애 등에 실패를 거듭한다.","직위 하향, 신분 몰락을 가져오거나 시험·연애 등에 실패를 거듭한다."
"A","crawled-026","하늘과 땅이 합쳐지는 꿈","길몽","본문1문장, 요약⊂본문","1","뜻한 바대로 소원이 성취되고 모든 일에 장애 없이 잘 풀린다.","뜻한 바대로 소원이 성취되고 모든 일에 장애 없이 잘 풀린다."
"A","crawled-027","땅에 엎드려 있는 꿈","흉몽","본문1문장, 요약⊂본문","1","우울한 일이 생기거나 근심거리가 있음을 예시한다.","우울한 일이 생기거나 근심거리가 있음을 예시한다."
"A","crawled-028","땅에 구덩이를 파고 위장하는 꿈","흉몽","본문1문장, 요약⊂본문","1","주위의 간교함 때문에 사업이 점점 부실해지거나 신분 또는 자존심이 실추된다.","주위의 간교함 때문에 사업이 점점 부실해지거나 신분 또는 자존심이 실추된다."
"A","crawled-029","땅이 갈라진 틈을 내려다보는 꿈","길몽","본문2문장, 요약=본문앞부분잘림","2","전에 없던 일이 활기를 띠고 성과를 거둔다. 땅이 갈라진 깊은 곳까지 내려다보았다면 학문","전에 없던 일이 활기를 띠고 성과를 거둔다. 땅이 갈라진 깊은 곳까지 내려다보았다면 학문 등에 깊이 몰두하게 된다."
"A","crawled-030","땅굴 속을 쑤셨더니 큰 구렁이가 나오는 꿈","길몽","본문1문장, 요약⊂본문","1","시험에 합격하거나 소망하던 취직이 이루어진다는 길몽이다.","시험에 합격하거나 소망하던 취직이 이루어진다는 길몽이다."
"A","crawled-031","땅 위를 낮게 엎드려 나는 꿈","흉몽","본문1문장, 요약⊂본문","1","생각지도 못한 불안, 공포, 질병 등이 발생하여 한동안 지속된다.","생각지도 못한 불안, 공포, 질병 등이 발생하여 한동안 지속된다."
"A","crawled-032","벼락이 땅에 떨어져 불이 붙는 꿈","길몽","본문1문장, 요약⊂본문","1","새로운 사업에 투자하여 좋은 성과를 거둔다는 것을 암시한다.","새로운 사업에 투자하여 좋은 성과를 거둔다는 것을 암시한다."
"A","crawled-033","땅거미가 나무에 기어오르는 꿈","길몽","본문1문장, 요약⊂본문","1","승진, 합격, 당선 등 경사스러운 일이 생기며 사업이 순조롭게 풀린다.","승진, 합격, 당선 등 경사스러운 일이 생기며 사업이 순조롭게 풀린다."
"A","crawled-034","집터였던 땅이 들판으로 변하는 꿈","흉몽","본문1문장, 요약⊂본문","1","일가친척, 친지 등 가까운 사람들이 뿔뿔이 헤어진다는 것을 암시한다.","일가친척, 친지 등 가까운 사람들이 뿔뿔이 헤어진다는 것을 암시한다."
"A","crawled-035","갈라진 땅바닥에서 구더기가 나오는 꿈","길몽","본문1문장, 요약⊂본문","1","생산과 유통 분야에 많은 투자를 하여 소기업이 대기업으로 번창하게 된다.","생산과 유통 분야에 많은 투자를 하여 소기업이 대기업으로 번창하게 된다."
"A","crawled-036","땅거미 집에 죽은 곤충이 얽혀 있는 꿈","흉몽","본문1문장, 요약⊂본문","1","집안이나 가까운 친지에게 송사가 있거나 고질병으로 고생한다.","집안이나 가까운 친지에게 송사가 있거나 고질병으로 고생한다."
"A","crawled-037","땅 위에 누워 있는 꿈","흉몽","본문1문장, 요약⊂본문","1","근심 걱정이 끊이지 않을 흉몽이다.","근심 걱정이 끊이지 않을 흉몽이다."
"A","crawled-038","지도를 땅에 떨어뜨리는 꿈","흉몽","본문1문장, 요약⊂본문","1","무리하게 일을 추진하다가 실패할 징조다.","무리하게 일을 추진하다가 실패할 징조다."
"A","crawled-039","대통령의 옥새를 땅속에서 캐내는 꿈","길몽","본문1문장, 요약⊂본문","1","모든 일에 크게 성공하며 운수 대통할 길몽이다.","모든 일에 크게 성공하며 운수 대통할 길몽이다."
"A","crawled-040","거친 땅에 우뚝 선 꿈","흉몽","본문2문장, 요약⊂본문","2","곤란한 처지에 놓인다. 곤경과 질병 혹은 정신적인 불안함을 상징한다.","곤란한 처지에 놓인다. 곤경과 질병 혹은 정신적인 불안함을 상징한다."
"A","crawled-041","상대방이 권총을 버리거나 땅에 떨어뜨리는 꿈","길몽","본문1문장, 요약⊂본문","1","생사가 걸린 일에서 해방되거나 경쟁에서 승리한다.","생사가 걸린 일에서 해방되거나 경쟁에서 승리한다."
"A","crawled-042","누군가 쌀을 몽땅 가져다 주는 꿈","길몽","본문1문장, 요약⊂본문","1","누군가의 도움을 받아 큰 재물을 모으게 된다.","누군가의 도움을 받아 큰 재물을 모으게 된다."
"A","crawled-043","하늘과 땅이 서로 맞붙는 꿈","길몽","본문1문장, 요약⊂본문","1","귀공자를 잉태하게 될 징조다.","귀공자를 잉태하게 될 징조다."
"A","crawled-044","땅속에 지옥이 보이는 꿈","보통","본문2문장, 요약⊂본문","2","지난 과거를 돌이켜보는 거울이 된다. 참회와 반성을 하여 옳은 사람이 된다는 상징이다.","지난 과거를 돌이켜보는 거울이 된다. 참회와 반성을 하여 옳은 사람이 된다는 상징이다."
"A","crawled-045","땅의 색깔이 푸른 꿈","길몽","본문1문장, 요약⊂본문","1","푸른 잔디밭의 꿈을 꾸면 길몽으로, 오랜 노력의 대가가 있으며 모든 것이 순조로워진다.","푸른 잔디밭의 꿈을 꾸면 길몽으로, 오랜 노력의 대가가 있으며 모든 것이 순조로워진다."
"A","crawled-046","몸이 저절로 땅속으로 빠져 들어간 꿈","길몽","본문1문장, 요약⊂본문","1","토지를 많이 확보하거나 어떤 단체에서 세력권을 쥐게 된다.","토지를 많이 확보하거나 어떤 단체에서 세력권을 쥐게 된다."
"A","crawled-047","분꽃이 땅에 떨어지는 꿈","흉몽","본문1문장, 요약⊂본문","1","오랫동안 화려한 인기를 누리다가 하루아침에 몰락한다는 것을 암시한다.","오랫동안 화려한 인기를 누리다가 하루아침에 몰락한다는 것을 암시한다."
"A","crawled-048","땅이 높고 낮고 하여 울퉁불퉁한 꿈","흉몽","본문1문장, 요약⊂본문","1","뜻밖에 놀랄 일이 생겨 심신이 불편해진다.","뜻밖에 놀랄 일이 생겨 심신이 불편해진다."
"A","crawled-049","땅바닥에 자신의 이름 석자가 쓰여져 있는 꿈","길몽","본문1문장, 요약⊂본문","1","사회의 공인으로 입신출세한다.","사회의 공인으로 입신출세한다."
"A","crawled-050","땅속을 걸어다니거나 헤엄쳐 가는 꿈","길몽","본문1문장, 요약⊂본문","1","탐색, 연구, 지하활동 또는 회사나 관청 내부에서 성공을 거둔다.","탐색, 연구, 지하활동 또는 회사나 관청 내부에서 성공을 거둔다."
"A","crawled-051","지진이 나서 땅이 갈라진 틈새로 떨어지거나 빠진 꿈","흉몽","본문2문장, 요약=본문앞부분잘림","2","구설수에 오르거나 시비·다툼에 휘말릴 징조이다. 자신의 신변에 엄청난 재앙이 다가온다는 조","구설수에 오르거나 시비·다툼에 휘말릴 징조이다. 자신의 신변에 엄청난 재앙이 다가온다는 조짐으로 각별한 주의가 필요하다."
"A","crawled-052","굵은 쇠기둥이 땅에 높이 서 있는 꿈","길몽","본문2문장, 요약⊂본문","2","신분이 높아지고 입신출세하게 된다. 입학, 승진, 당선, 합격, 승리, 성공 등이 있다.","신분이 높아지고 입신출세하게 된다. 입학, 승진, 당선, 합격, 승리, 성공 등이 있다."
"A","crawled-053","물고기를 땅바닥에 떨어뜨려 물고기가 팔딱거리는 꿈","흉몽","본문1문장, 요약⊂본문","1","질병을 앓거나 궂은 일이 생기는 등 재난이나 손실이 닥쳐서 곤란을 겪게 된다.","질병을 앓거나 궂은 일이 생기는 등 재난이나 손실이 닥쳐서 곤란을 겪게 된다."
"A","crawled-054","땅속에 사는 용이 집안으로 들어오는 꿈","길몽","본문2문장, 요약=본문앞부분잘림","2","당대의 정신과 물질적 부를 가져다주고 집안이 불같이 일어난다. 태몽일 경우 큰 인물을 낳는","당대의 정신과 물질적 부를 가져다주고 집안이 불같이 일어난다. 태몽일 경우 큰 인물을 낳는다는 상징이다."
"A","crawled-055","태양이 땅에 떨어져 구르는 꿈","길몽","본문1문장, 요약=본문앞부분잘림","1","자신의 업적이나 일의 결과가 세상에 알려지고, 많은 사람들에게 큰 영향을 미치게 될 징조이","자신의 업적이나 일의 결과가 세상에 알려지고, 많은 사람들에게 큰 영향을 미치게 될 징조이다."
"A","crawled-056","땅이 발에 닿지 않은 만큼 기분 좋게 달려가는 꿈","길몽","본문1문장, 요약⊂본문","1","순풍에 돛이 달린 배처럼 모든 일이 순조롭게 이루어진다.","순풍에 돛이 달린 배처럼 모든 일이 순조롭게 이루어진다."
"A","crawled-057","칼이나 연장을 땅에 박아 땅이 갈라지는 꿈","길몽","본문2문장, 요약=본문앞부분잘림","2","자신의 권력이나 주장, 학설이 세상에 공인되고 많은 사람들에게 영향을 끼치게 된다는 것을","자신의 권력이나 주장, 학설이 세상에 공인되고 많은 사람들에게 영향을 끼치게 된다는 것을 상징한다. 강한 추진력으로 목표를 달성하고 주도권을 쥐게 될 것을 암시한다."
"A","crawled-058","돼지와 사람이 함께 어울려 노는 꿈","길몽","본문1문장, 요약⊂본문","1","자신이 추진하던 사업이나 일이 잘 이루어져 엄청나게 많은 돈을 벌게 된다.","자신이 추진하던 사업이나 일이 잘 이루어져 엄청나게 많은 돈을 벌게 된다."
"A","crawled-059","돼지를 죽이려 하는데 갑자기 돼지가 사람으로 변모하는 꿈","흉몽","본문1문장, 요약⊂본문","1","자신의 경쟁 상대가 자신보다 더 우세할 것이며 그로 인해 좌절하게 된다.","자신의 경쟁 상대가 자신보다 더 우세할 것이며 그로 인해 좌절하게 된다."
"A","crawled-060","돼지 새끼가 어미의 젖을 빨아먹는 꿈","길몽","본문2문장, 요약⊂본문","2","횡재수가 있다. 집안에 경사스런 일이 생기고 재물과 돈이 많이 들어온다.","횡재수가 있다. 집안에 경사스런 일이 생기고 재물과 돈이 많이 들어온다."
"A","crawled-061","돼지가 쥐로 변해 쥐구멍으로 도망치는 꿈","흉몽","본문1문장, 요약⊂본문","1","사업이나 장사가 처음엔 잘 되는 것 같은데 나중에는 별 볼일 없게 된다.","사업이나 장사가 처음엔 잘 되는 것 같은데 나중에는 별 볼일 없게 된다."
"A","crawled-062","아기돼지 꿈","길몽","본문2문장, 요약=본문앞부분잘림","2","아기돼지를 안아 올리는 꿈은 예상하지 못한 곳에서 좋은 소식이 들린다. 아기돼지와 함께 노","아기돼지를 안아 올리는 꿈은 예상하지 못한 곳에서 좋은 소식이 들린다. 아기돼지와 함께 노는 꿈은 진행하는 일이 잘 이루어지며, 아기돼지를 낳는 꿈은 노력에 비해 큰 성과를 얻는다."
"A","crawled-063","돼지를 잡거나 가져오는 꿈","흉몽","본문2문장, 요약=본문앞부분잘림","2","다산과 풍요의 상징인 돼지를 잡아오는 꿈은 사업 융성이나 재물의 번창을 상징한다. 단, 쫓","다산과 풍요의 상징인 돼지를 잡아오는 꿈은 사업 융성이나 재물의 번창을 상징한다. 단, 쫓아낸다거나 돼지가 사라지는 꿈은 들어오려던 재물을 잃는 것으로 실현된다."
"A","crawled-064","돼지 한 마리가 갑자기 여러 마리로 불어나는 꿈","길몽","본문1문장, 요약⊂본문","1","자신의 작업이나 창작품, 연구 성과 등이 좋은 결실을 맺거나 이익을 얻는다.","자신의 작업이나 창작품, 연구 성과 등이 좋은 결실을 맺거나 이익을 얻는다."
"A","crawled-065","여러 마리의 새끼돼지를 품안에 끌어안는 꿈","길몽","본문1문장, 요약⊂본문","1","재물복이 많은 자식을 두게 된다.","재물복이 많은 자식을 두게 된다."
"A","crawled-066","돼지를 통째로 삶거나 바비큐하여 잘라 먹는 꿈","길몽","본문2문장, 요약=본문앞부분잘림","2","단체나 조직에서 우두머리가 된다. 또는 한동안 어려웠던 일이 순조롭게 잘 해결되면서 활기를","단체나 조직에서 우두머리가 된다. 또는 한동안 어려웠던 일이 순조롭게 잘 해결되면서 활기를 찾는다."
"A","crawled-067","돼지가 따라오거나 집 안으로 끌어들이는 꿈","길몽","본문2문장, 요약=본문앞부분잘림","2","높은 지위에 오르는 등 크게 성공한다. 복권 당첨이나 결혼, 계약 성사, 사업 번창으로 복","높은 지위에 오르는 등 크게 성공한다. 복권 당첨이나 결혼, 계약 성사, 사업 번창으로 복록을 누리게 된다."
"A","crawled-068","돼지우리에 돼지가 가득 차 있고 돼지 새끼가 우글거리는 꿈","길몽","본문1문장, 요약⊂본문","1","작가나 교육자, 사업가가 되어 이름을 날리게 된다.","작가나 교육자, 사업가가 되어 이름을 날리게 된다."
"A","crawled-069","산돼지가 떼를 지어 부엌으로 들어오는 꿈","길몽","본문1문장, 요약⊂본문","1","높은 직위에 오르거나 학문에 종사하게 된다.","높은 직위에 오르거나 학문에 종사하게 된다."
"A","crawled-070","가족이 뱀에 물리는 꿈","길몽","본문2문장, 요약=본문앞부분잘림","2","물린 가족에게 연애운이 들어오거나 아이를 갖게 된다는 꿈이다. 해당 사항이 없을 경우에는","물린 가족에게 연애운이 들어오거나 아이를 갖게 된다는 꿈이다. 해당 사항이 없을 경우에는 돈과 재물을 얻게 된다고 해석된다."
"A","crawled-071","뱀한테 손 물리는 꿈","길몽","본문1문장, 요약⊂본문","1","재물운이 따르고 본인에게 도움을 줄 귀인이나 조력자를 만나게 된다는 길몽이다.","재물운이 따르고 본인에게 도움을 줄 귀인이나 조력자를 만나게 된다는 길몽이다."
"A","crawled-072","뱀이 많이 나오는 꿈","길몽","본문1문장, 요약=본문앞부분잘림","1","살아있는 뱀이 많이 나왔다면 재물운이 들어오고 좋은 조력자가 다가오며 좋은 일이 생긴다는","살아있는 뱀이 많이 나왔다면 재물운이 들어오고 좋은 조력자가 다가오며 좋은 일이 생긴다는 길몽이다."
"A","crawled-073","큰뱀 옆에 작은 뱀이 있는 꿈","길몽","본문1문장, 요약⊂본문","1","장차 권력과 세력을 잡게 된다는 의미다.","장차 권력과 세력을 잡게 된다는 의미다."
"A","crawled-074","큰뱀에게 물리는 꿈","길몽","본문1문장, 요약⊂본문","1","배우자나 동지를 만나게 되는 꿈이다.","배우자나 동지를 만나게 되는 꿈이다."
"A","crawled-075","뱀이 무는 꿈","길몽","본문2문장, 요약=본문앞부분잘림","2","연애운과 관련이 있다. 현재 가까운 사람과 연인 관계로 발전할 수 있으며, 이미 애인이 있","연애운과 관련이 있다. 현재 가까운 사람과 연인 관계로 발전할 수 있으며, 이미 애인이 있는 경우에는 결혼을 하게 될 수도 있다."
"A","crawled-076","불나는 꿈","길몽","본문2문장, 요약=본문앞부분잘림","2","불이 나는 꿈은 강력한 에너지와 변화, 재물운, 성취를 상징하는 경우가 많다. 불이 활활","불이 나는 꿈은 강력한 에너지와 변화, 재물운, 성취를 상징하는 경우가 많다. 불이 활활 타오를수록 재산이 크게 빠르게 증가하는 길몽으로 풀이된다."
"A","crawled-077","몸에 불이 붙는 꿈","길몽","본문2문장, 요약=본문앞부분잘림","2","불은 금전적 운이 들어오는 것으로 해석된다. 몸에 불이 붙었다는 것은 본인 자체가 유명해지","불은 금전적 운이 들어오는 것으로 해석된다. 몸에 불이 붙었다는 것은 본인 자체가 유명해지고 명예가 높아진다는 의미다."
"A","crawled-078","회사에 불나는 꿈","길몽","본문2문장, 요약=본문앞부분잘림","2","건물이 화려하게 불탈수록 커리어가 탄탄해지고 사업이 번창한다. 그러나 본인이 회사에 가기","건물이 화려하게 불탈수록 커리어가 탄탄해지고 사업이 번창한다. 그러나 본인이 회사에 가기 싫다는 속마음이 반영된 심리몽일 가능성도 높다."
"A","crawled-079","건물에 불나는 꿈","길몽","요약=본문앞부분잘림","3","불나는 꿈은 대체로 좋은 꿈이다. 불이 크게 날수록 집안에 금전운이 크게 들어온다. 불이","불나는 꿈은 대체로 좋은 꿈이다. 불이 크게 날수록 집안에 금전운이 크게 들어온다. 불이 나서 본인이 울었다면 크게 울수록 더 좋은 꿈이다."
"A","crawled-080","소화기로 불 끄는 꿈","흉몽","본문2문장, 요약=본문앞부분잘림","2","불은 명예와 부를 상징하는데 이를 소화기로 끄는 꿈은 흉몽이다. 하고 있는 일이 실패하거나","불은 명예와 부를 상징하는데 이를 소화기로 끄는 꿈은 흉몽이다. 하고 있는 일이 실패하거나 큰 고비를 마주하게 된다."
"A","crawled-081","불나서 대피하는 꿈","흉몽","본문2문장, 요약=본문앞부분잘림","2","불을 보고 도망가거나 대피하는 것은 행운을 피하는 것과 같다. 기회가 찾아왔을 때 잡지 못","불을 보고 도망가거나 대피하는 것은 행운을 피하는 것과 같다. 기회가 찾아왔을 때 잡지 못하고 좌절한다는 뜻으로 풀이된다."
"A","crawled-082","뱀에 물리는 꿈","흉몽","요약=본문앞부분잘림","3","뱀에 물리는 꿈은 강력한 에너지의 유입과 인생의 전환점을 상징하는 대표적인 길몽이다. 재물","뱀에 물리는 꿈은 강력한 에너지의 유입과 인생의 전환점을 상징하는 대표적인 길몽이다. 재물운 상승, 새로운 인연, 태몽과 깊은 연관이 있으며 뱀의 크기와 물린 부위에 따라 의미가 달라진다. 단, 물린 후 죽거나 극심한 고통을 느끼는 경우는 흉몽으로 해석된다."
"A","crawled-083","뱀 나오는 꿈","흉몽","요약=본문앞부분잘림","3","꿈에서 뱀은 지혜, 재생, 변화를 상징하며 해석이 가장 다양하고 복합적인 상징 중 하나다.","꿈에서 뱀은 지혜, 재생, 변화를 상징하며 해석이 가장 다양하고 복합적인 상징 중 하나다. 살아있는 뱀이 많이 나왔다면 재물운과 좋은 조력자를 의미하는 길몽이며, 태몽으로는 지혜로운 아이를 상징한다. 뱀이 갑자기 사라지거나 검은색 뱀인 경우는 흉몽으로 해석될 수 있다."
"A","crawled-084","큰 뱀 죽이는 꿈","길몽","요약=본문앞부분잘림","3","큰 뱀을 죽이는 꿈은 직장 내 큰 프로젝트 성공이나 취업 성공을 의미하는 길몽이다. 뱀이","큰 뱀을 죽이는 꿈은 직장 내 큰 프로젝트 성공이나 취업 성공을 의미하는 길몽이다. 뱀이 클수록 운이 더 크다고 해석된다. 하얗고 예쁜 뱀이 나오는 꿈은 예쁜 딸을 낳는다는 태몽으로도 해석된다."
"A","crawled-085","검은뱀 나오는 꿈","흉몽","요약=본문앞부분잘림","3","뱀 꿈에서 색은 해석에 매우 중요하게 작용한다. 검은 뱀은 안좋은 의미로 해석되며 죽음과","뱀 꿈에서 색은 해석에 매우 중요하게 작용한다. 검은 뱀은 안좋은 의미로 해석되며 죽음과 건강에 관련되어 있을 확률이 높다. 건강에 유의해야 하는 경고몽이다."
"A","crawled-086","뱀 머리 자르는 꿈","길몽","요약=본문앞부분잘림","3","뱀 머리를 자르는 꿈은 길몽에 해당한다. 해몽상 뱀은 지혜를 상징하므로 뱀의 머리를 자르는","뱀 머리를 자르는 꿈은 길몽에 해당한다. 해몽상 뱀은 지혜를 상징하므로 뱀의 머리를 자르는 꿈은 본인의 방해물을 지혜롭게 풀어나간다는 의미다. 여성의 경우 영리한 여자아이를 낳게 될 태몽으로도 해석된다."
"A","crawled-087","뱀에게 쫓기는 꿈","흉몽","본문2문장, 요약=본문앞부분잘림","2","뱀에게 쫓기는 꿈은 신경 쓰일 만한 일이 다가온다는 뜻이다. 라이벌이 생기거나 불청객이 찾","뱀에게 쫓기는 꿈은 신경 쓰일 만한 일이 다가온다는 뜻이다. 라이벌이 생기거나 불청객이 찾아온다는 의미로 해석할 수 있으며, 뱀 색이 검정색일 경우 더 좋지 않은 운을 나타낸다."
"A","crawled-088","뱀이 감고 있는 꿈","흉몽","요약=본문앞부분잘림","3","뱀이 본인을 감고 있는 꿈은 하고 있는 일이 꼬이고 잘 풀리지 않게 된다는 흉몽이다. 누군","뱀이 본인을 감고 있는 꿈은 하고 있는 일이 꼬이고 잘 풀리지 않게 된다는 흉몽이다. 누군가에 의해 곤경에 빠지거나 생각지도 못한 사건에 휘말릴 수 있다. 단, 속박을 풀고 뱀을 죽였다면 어려움을 극복한다는 뜻이다."
"A","crawled-089","뱀이 몸을 감는 꿈","길몽","본문2문장, 요약=본문앞부분잘림","2","뱀이 몸을 감는 꿈은 의도하지 않게 돈이 생기는 꿈이다. 다른 사람에게 존경을 받을 수도","뱀이 몸을 감는 꿈은 의도하지 않게 돈이 생기는 꿈이다. 다른 사람에게 존경을 받을 수도 있음을 의미한다."
"A","crawled-090","집에 뱀이 나오는 꿈","길몽","요약=본문앞부분잘림","3","집에 뱀이 나오는 꿈은 대부분 길몽으로 해석된다. 뱀이 집으로 들어온다면 귀인이 찾아오거나","집에 뱀이 나오는 꿈은 대부분 길몽으로 해석된다. 뱀이 집으로 들어온다면 귀인이 찾아오거나 본인에게 큰 도움이 될 사람이 나타난다는 것을 의미한다. 임산부일 경우 태몽일 가능성이 높다."
"A","crawled-091","뱀 잡는 꿈","흉몽","본문2문장, 요약=본문앞부분잘림","2","뱀을 잡는 것은 돈을 잡는 것과 같이 재물운을 의미하는 전형적인 길몽이다. 황금색이나 갈색","뱀을 잡는 것은 돈을 잡는 것과 같이 재물운을 의미하는 전형적인 길몽이다. 황금색이나 갈색 뱀을 잡으면 큰 재운을 가져오지만, 잡았다가 놓치거나 뱀이 도망가면 재물이 나가게 된다."
"A","crawled-092","뱀을 잡아먹는 꿈","길몽","본문2문장, 요약=본문앞부분잘림","2","뱀은 근심, 걱정거리를 뜻하기도 하는데 이러한 뱀을 잡아먹었다면 자신의 능력으로 막혔던 모","뱀은 근심, 걱정거리를 뜻하기도 하는데 이러한 뱀을 잡아먹었다면 자신의 능력으로 막혔던 모든 일이 해결된다는 뜻이다. 또한 여자아이의 태몽 의미도 갖고 있다."
"A","crawled-093","죽은 뱀 꿈","흉몽","본문2문장, 요약=본문앞부분잘림","2","죽은 뱀을 보는 꿈은 태몽으로는 매우 좋지 않지만 일반적으로는 돈을 얻게 될 일이 생긴다는","죽은 뱀을 보는 꿈은 태몽으로는 매우 좋지 않지만 일반적으로는 돈을 얻게 될 일이 생긴다는 의미다. 생명력의 쇠퇴나 기력 감소, 건강운 하락을 뜻하기도 한다."
"A","crawled-094","뱀이 달려드는 꿈","흉몽","본문2문장, 요약=본문앞부분잘림","2","뱀이 달려드는 꿈은 길몽으로 분류되며 성공이 달려오는 것과 같다. 눈앞에서 피하지 않았다면","뱀이 달려드는 꿈은 길몽으로 분류되며 성공이 달려오는 것과 같다. 눈앞에서 피하지 않았다면 길몽이지만, 뱀을 따돌렸다면 다잡은 운을 놓쳤다고 해석된다."
"A","crawled-095","돼지가 무는 꿈","길몽","본문2문장, 요약=본문앞부분잘림","2","돼지가 나오는 꿈은 대부분이 재물운이 들어오는 길몽이다. 돼지가 손을 무는 꿈은 투자자나","돼지가 나오는 꿈은 대부분이 재물운이 들어오는 길몽이다. 돼지가 손을 무는 꿈은 투자자나 조력자가 나타나 사업이 크게 번창한다는 의미로 해석된다."
"A","crawled-096","멧돼지 죽이는 꿈","길몽","요약=본문앞부분잘림","3","산속에서 멧돼지를 죽이는 꿈은 길몽으로 행운과 금전적 이득을 의미한다. 대학입학 또는 직장","산속에서 멧돼지를 죽이는 꿈은 길몽으로 행운과 금전적 이득을 의미한다. 대학입학 또는 직장 승진의 운이 들어온다고 해석되기도 한다. 태몽으로는 호기심 넘치고 용맹하며 명성을 떨칠 사내아이를 낳는다는 의미다."
"A","crawled-097","멧돼지가 달려드는 꿈","흉몽","요약=본문앞부분잘림","3","멧돼지가 달려드는 꿈은 길몽으로 행운과 금전적 이득을 의미한다. 태몽으로는 호기심 넘치고","멧돼지가 달려드는 꿈은 길몽으로 행운과 금전적 이득을 의미한다. 태몽으로는 호기심 넘치고 용맹하며 명성을 떨칠 사내아이를 낳는다는 의미다. 단, 멧돼지를 피해 도망가고 무서워했다면 금전적 손실을 의미한다."
"A","crawled-098","멧돼지한테 쫓기는 꿈","길몽","본문2문장, 요약=본문앞부분잘림","2","멧돼지한테 쫓기는 꿈은 태몽으로 해석된다. 관직이 높고 명성을 떨칠 사내아이를 낳는다는 태","멧돼지한테 쫓기는 꿈은 태몽으로 해석된다. 관직이 높고 명성을 떨칠 사내아이를 낳는다는 태몽으로 풀이된다."
"A","crawled-099","돼지 잡는 꿈","길몽","본문2문장, 요약=본문앞부분잘림","2","돼지 잡는 꿈은 길몽 중의 길몽으로 재물이나 이권이 들어오는 꿈이다. 이 꿈을 꾸고 난 후","돼지 잡는 꿈은 길몽 중의 길몽으로 재물이나 이권이 들어오는 꿈이다. 이 꿈을 꾸고 난 후 이권을 획득하는 등으로 실현되는 경우가 많다고 한다."
"A","crawled-100","돼지우리에 똥이 수북하게 쌓인 꿈","길몽","본문2문장, 요약⊂본문","2","사업이 번창하고 돈을 많이 벌게 된다. 부동산에 투자를 해도 대성공을 거둘 운세다.","사업이 번창하고 돈을 많이 벌게 된다. 부동산에 투자를 해도 대성공을 거둘 운세다."
"A","crawled-101","돼지를 칼로 찌르거나 죽이는 꿈","흉몽","본문2문장, 요약⊂본문","2","좋지 않은 꿈이다. 어떤 일을 시작하는데 시작은 괜찮았음에도 결과는 만족스럽지 않다.","좋지 않은 꿈이다. 어떤 일을 시작하는데 시작은 괜찮았음에도 결과는 만족스럽지 않다."
"A","crawled-102","돼지를 본 꿈","길몽","본문2문장, 요약=본문앞부분잘림","2","돼지를 보는 꿈은 꿈 중에 가장 좋은 꿈으로 특히 복권 당첨 등에 확률이 가장 높을 만큼","돼지를 보는 꿈은 꿈 중에 가장 좋은 꿈으로 특히 복권 당첨 등에 확률이 가장 높을 만큼 좋은 꿈이다. 주식이나 채권 등에 투자하면 기대 이상의 수익을 올릴 수 있으며 모든 일에 운수 대통한다."
"A","crawled-103","돼지가 금은보화를 토해내는 꿈","길몽","본문2문장, 요약=본문앞부분잘림","2","운수 대길할 꿈으로 어떠한 일에 투자를 하던 대성공을 거둘 꿈이다. 그로 인해 많은 돈을","운수 대길할 꿈으로 어떠한 일에 투자를 하던 대성공을 거둘 꿈이다. 그로 인해 많은 돈을 벌게 된다."
"A","crawled-104","돼지에게 도망치는 꿈","흉몽","본문2문장, 요약=본문앞부분잘림","2","돼지에게 도망치는 꿈은 재물과 관련된 일로 구설수에 오를 가능성이 있다. 재물을 탐하기보다","돼지에게 도망치는 꿈은 재물과 관련된 일로 구설수에 오를 가능성이 있다. 재물을 탐하기보다 인덕을 추구하는 것이 좋다."
"A","crawled-105","용이 승천하는 꿈","길몽","요약=본문앞부분잘림","3","용이 승천하는 꿈은 본인이 최고위직을 누리거나 한 기관이나 단체를 이끄는 리더가 된다는 길","용이 승천하는 꿈은 본인이 최고위직을 누리거나 한 기관이나 단체를 이끄는 리더가 된다는 길몽이다. 태몽으로 해석하는 경우에는 훌륭한 지도자가 될 아이가 태어난다는 암시이기도 하다. 본인이 용이 되어 승천하는 꿈이라면 권력을 얻는 더 좋은 길몽이다."
"A","crawled-106","용에게 자신의 귀를 물리는 꿈","흉몽","본문1문장, 요약=본문앞부분잘림","1","용에게 귀를 물리는 꿈을 꾸게 되면 귀와 관련된 병을 앓거나 청각장애를 겪게 될지 모르니","용에게 귀를 물리는 꿈을 꾸게 되면 귀와 관련된 병을 앓거나 청각장애를 겪게 될지 모르니 유의해야 한다."
"A","crawled-107","용의 그림을 바라보는 꿈","길몽","본문2문장, 요약=본문앞부분잘림","2","용을 대상으로 한 예술품을 만지거나 보면 훌륭한 사람, 유명한 사람 그리고 서적과 관련된","용을 대상으로 한 예술품을 만지거나 보면 훌륭한 사람, 유명한 사람 그리고 서적과 관련된 일을 하게 된다. 용의 문신을 하거나 문신한 사람을 보면 유명해지거나 희귀한 자료를 대하게 된다."
"A","crawled-108","자신이 용에게 물려 죽는 꿈","길몽","본문1문장, 요약⊂본문","1","자신이 용에게 물려 죽는 꿈을 꾸게 되면 계획한 일이나 평소에 소망하던 일이 성사된다.","자신이 용에게 물려 죽는 꿈을 꾸게 되면 계획한 일이나 평소에 소망하던 일이 성사된다."
"A","crawled-109","용에게 물려 피투성이로 도망치는 꿈","길몽","본문1문장, 요약=본문앞부분잘림","1","용에게 물려 피투성이가 된 채 도망쳐 나오는 꿈을 꾸게 되면 복권 당첨, 부동산 매매 등으","용에게 물려 피투성이가 된 채 도망쳐 나오는 꿈을 꾸게 되면 복권 당첨, 부동산 매매 등으로 엄청난 갑부가 된다."
"A","crawled-110","용이 손가락을 무는 꿈","길몽","본문1문장, 요약⊂본문","1","용이 손가락을 무는 꿈은 아들을 낳으나 그 아들이 문제를 일으키게 된다.","용이 손가락을 무는 꿈은 아들을 낳으나 그 아들이 문제를 일으키게 된다."
"A","crawled-111","집에 불나는 꿈","흉몽","요약=본문앞부분잘림","3","꿈속에서 집에 불이 나는 것은 강력한 번창, 재물의 유입, 에너지의 폭발을 의미하는 최고의","꿈속에서 집에 불이 나는 것은 강력한 번창, 재물의 유입, 에너지의 폭발을 의미하는 최고의 길몽이다. 불길이 거세고 높이 치솟을수록 운의 크기도 커진다. 단, 불을 끄거나 재가 된 경우는 흉몽으로 해석된다."
"A","crawled-112","자동차 불나는 꿈","길몽","본문2문장, 요약=본문앞부분잘림","2","꿈 해몽상 자동차는 본인의 열정과 추진력 또는 자기 자신을 상징한다. 자동차에 불이 나는","꿈 해몽상 자동차는 본인의 열정과 추진력 또는 자기 자신을 상징한다. 자동차에 불이 나는 꿈은 본인의 꿈이 이뤄진다는 아주 좋은 길몽으로, 하고 있는 일에서 큰 성과를 거두며 목표를 이룬다는 뜻이다."
"A","crawled-113","불나서 불끄는 꿈","흉몽","본문2문장, 요약=본문앞부분잘림","2","불이 나는 꿈은 길몽이지만 이러한 불을 본인이 직접 끄는 행위는 흉몽에 해당한다. 본인에게","불이 나는 꿈은 길몽이지만 이러한 불을 본인이 직접 끄는 행위는 흉몽에 해당한다. 본인에게 들어온 금전운을 본인의 손으로 아쉽게 놓치게 되거나, 하고 있는 사업이 쇠퇴한다는 뜻으로 해석된다."
"A","crawled-114","머리에 불이 붙는 꿈","길몽","본문2문장, 요약=본문앞부분잘림","2","불이 붙는 꿈은 금전적 운이 들어오고 명예가 높아지는 아주 좋은 길몽이다. 특히 머리에 불","불이 붙는 꿈은 금전적 운이 들어오고 명예가 높아지는 아주 좋은 길몽이다. 특히 머리에 불이 붙는 꿈은 본인의 지식으로 성공한다는 의미이며, 추진하는 일에서 좋은 아이디어가 나온다는 뜻이다."
"A","crawled-115","옷에 불붙는 꿈","흉몽","본문2문장, 요약=본문앞부분잘림","2","옷에 불이 붙는 꿈은 꿈속에서 느끼는 감정에 따라 다르게 해석된다. 전혀 뜨겁지 않았다면","옷에 불이 붙는 꿈은 꿈속에서 느끼는 감정에 따라 다르게 해석된다. 전혀 뜨겁지 않았다면 하고 있는 일이 큰 성과를 얻는 길몽이지만, 뜨겁고 고통스러웠다면 안 좋은 일이 생길 수 있다는 흉몽이다."
"A","crawled-116","까만 밤에 불꽃놀이 하는 꿈","길몽","본문2문장, 요약=본문앞부분잘림","2","까만 밤에 불꽃놀이 하는 꿈은 자신이 하는 일이 잘 풀리게 되고 인정을 받게 된다. 이 일","까만 밤에 불꽃놀이 하는 꿈은 자신이 하는 일이 잘 풀리게 되고 인정을 받게 된다. 이 일은 많은 사람의 관심을 받게 된다."
"A","crawled-117","물에 빠지는 꿈","흉몽","요약=본문앞부분잘림","3","물에 빠지는 꿈은 물의 상태에 따라 해석이 달라진다. 맑고 깨끗한 물에 빠지는 꿈은 좋은","물에 빠지는 꿈은 물의 상태에 따라 해석이 달라진다. 맑고 깨끗한 물에 빠지는 꿈은 좋은 직장이나 귀인을 만나게 될 길몽이다. 똥물이나 흙탕물에 빠지는 꿈은 건강상 문제나 불행을 의미하는 흉몽이다."
"A","crawled-118","집안에 물이 차는 꿈","흉몽","요약=본문앞부분잘림","3","집안에 물이 들어오는 꿈은 물의 색이 가장 중요하다. 깨끗한 물이 집안으로 들어오면 재물운","집안에 물이 들어오는 꿈은 물의 색이 가장 중요하다. 깨끗한 물이 집안으로 들어오면 재물운이 들어오고 집안이 화목해진다. 흙탕물이나 더러운 물이면 집안에 우환이 들이닥치고 건강이 악화된다."
"A","crawled-119","물이 불어나는 꿈","흉몽","요약=본문앞부분잘림","3","물은 물의 상태가 매우 중요하다. 맑은 물이 불어났다면 금전운이 들어오고 명예가 드높아진다","물은 물의 상태가 매우 중요하다. 맑은 물이 불어났다면 금전운이 들어오고 명예가 드높아진다. 더러운 흙탕물이 불어났다면 쌓아 올린 모든 것이 쓸려내려간다는 의미다."
"A","crawled-120","물고기 많이 잡는 꿈","길몽","본문2문장, 요약=본문앞부분잘림","2","물고기는 재물, 명예 등을 상징하는 아주 좋은 동물이다. 물고기를 많이 잡는 꿈은 재산이","물고기는 재물, 명예 등을 상징하는 아주 좋은 동물이다. 물고기를 많이 잡는 꿈은 재산이 늘어나고 새로운 조력자를 만날 수 있다는 뜻으로 해석된다."
"A","crawled-121","호랑이 나오는 꿈","흉몽","요약=본문앞부분잘림","3","호랑이가 나오는 꿈은 기본적으로 길몽에 해당한다. 호랑이는 권력과 돈, 명예 등을 상징하며","호랑이가 나오는 꿈은 기본적으로 길몽에 해당한다. 호랑이는 권력과 돈, 명예 등을 상징하며 호랑이가 크고 윤기 날수록 그 운이 크다. 지저분하고 병든 호랑이를 만난 경우 운이 저하되고 기회를 놓친다는 뜻이다."
"A","crawled-122","호랑이 만지는 꿈","길몽","본문2문장, 요약=본문앞부분잘림","2","꿈 해몽상 호랑이는 권력, 명예 그리고 금전을 상징한다. 호랑이를 만지는 꿈은 권력과 명예","꿈 해몽상 호랑이는 권력, 명예 그리고 금전을 상징한다. 호랑이를 만지는 꿈은 권력과 명예, 금전적 운이 들어온다는 의미로, 하고 있는 일이 크게 성공하며 운수 대통할 것을 암시한다."
"A","crawled-123","물건이 갑자기 용으로 변하는 꿈","길몽","본문2문장, 요약=본문앞부분잘림","2","용은 입신출세와 명예, 신적인 힘 등 강한 운명적 계시성을 나타낸다. 별 볼일 없던 삶이","용은 입신출세와 명예, 신적인 힘 등 강한 운명적 계시성을 나타낸다. 별 볼일 없던 삶이 생기를 찾고 재물이 들어와 기쁜 일이 생길 것을 암시한다."
"A","crawled-124","용이 죽어 있는 꿈","흉몽","요약=본문앞부분잘림","3","용은 명예, 권력, 재물의 상징이다. 용이 죽어 있는 꿈은 재물이 빠져나가거나 사업이 쇠퇴","용은 명예, 권력, 재물의 상징이다. 용이 죽어 있는 꿈은 재물이 빠져나가거나 사업이 쇠퇴할 수 있음을 경고한다. 태몽으로 꾸었다면 각별히 건강에 유의하는 것이 좋다."
"A","crawled-125","용이 몸에 와서 감기는 꿈","길몽","본문2문장, 요약=본문앞부분잘림","2","큰 인물이 될 아기를 낳을 태몽이거나 미혼 여자는 나중에 출세할 사람과 결혼할 것을 암시한","큰 인물이 될 아기를 낳을 태몽이거나 미혼 여자는 나중에 출세할 사람과 결혼할 것을 암시한다. 그렇지 않으면 예상하기 어려운 많은 재물이나 큰 세력을 갖게 된다."
"A","crawled-126","용을 꼭 껴안는 꿈","길몽","본문2문장, 요약=본문앞부분잘림","2","용은 입신출세와 명예, 신적인 힘 등 강한 운명적 계시성을 나타낸다. 평소에 가까이 하기","용은 입신출세와 명예, 신적인 힘 등 강한 운명적 계시성을 나타낸다. 평소에 가까이 하기 어려운 훌륭한 사람과 함께 일하게 되거나 자신의 능력을 크게 발휘할 기회를 얻게 됨을 의미한다."
"A","crawled-127","용을 타고 하늘을 나는 꿈","길몽","본문2문장, 요약=본문앞부분잘림","2","관직의 높은 자리에 올라 많은 사람들을 좌지우지할 출세몽이다. 태몽이라면 그렇게 훌륭한 인","관직의 높은 자리에 올라 많은 사람들을 좌지우지할 출세몽이다. 태몽이라면 그렇게 훌륭한 인물이 태어날 것을 예지한다."
"A","crawled-128","용 두 마리가 서로 엉기어 하늘로 오르는 꿈","길몽","본문2문장, 요약=본문앞부분잘림","2","멋진 동반자나 동업자를 만나 일이 성공할 것을 의미한다. 마음 맞는 동업자와 함께하면 더","멋진 동반자나 동업자를 만나 일이 성공할 것을 의미한다. 마음 맞는 동업자와 함께하면 더 큰 성공을 거두리라는 것을 암시하므로 혼자보다 도움을 받는 것이 유리하다."
"A","crawled-129","하늘을 날던 용이 집 안으로 날아 들어오는 꿈","길몽","본문2문장, 요약=본문앞부분잘림","2","용은 입신출세와 명예, 신적인 힘 등 강한 운명적 계시성을 나타낸다. 집안에 영광스런 일이","용은 입신출세와 명예, 신적인 힘 등 강한 운명적 계시성을 나타낸다. 집안에 영광스런 일이 생기고 가문이 흥하며 명예가 드높아질 것을 암시한다."
"A","crawled-130","하늘에서 용이 떨어져 죽는 꿈","흉몽","본문2문장, 요약=본문앞부분잘림","2","기세 좋게 잘 나가던 권력이나 사업이 몰락의 길을 걷게 됨을 의미한다. 나라의 최고지도자나","기세 좋게 잘 나가던 권력이나 사업이 몰락의 길을 걷게 됨을 의미한다. 나라의 최고지도자나 사업체의 총수가 큰 위기를 맞이할 수 있다."
"A","crawled-131","용이 하늘을 날며 큰 소리를 내는 꿈","길몽","본문2문장, 요약=본문앞부분잘림","2","용은 입신출세와 명예, 신적인 힘 등 강한 운명적 계시성을 나타낸다. 하는 일에서 큰 성공","용은 입신출세와 명예, 신적인 힘 등 강한 운명적 계시성을 나타낸다. 하는 일에서 큰 성공을 거두어 이름을 떨치고 많은 사람들이 존경하며 부러워하는 대상이 됨을 의미한다."
"A","crawled-132","용이 자신을 죽이는 꿈","흉몽","본문2문장, 요약=본문앞부분잘림","2","예상치 못했던 치명적인 재난에 직면하게 되거나 어떤 범죄의 피해자가 되어 권력과 재산을 잃","예상치 못했던 치명적인 재난에 직면하게 되거나 어떤 범죄의 피해자가 되어 권력과 재산을 잃게 됨을 의미한다. 권력이나 세도가의 희생물이 될 가능성도 있다."
"A","crawled-133","연못 속에서 잠자는 용을 보는 꿈","보통","본문2문장, 요약=본문앞부분잘림","2","아직 자신의 뜻과 능력을 펼 때가 이르지 않았음을 암시한다. 지금은 노력하면서 때가 오기를","아직 자신의 뜻과 능력을 펼 때가 이르지 않았음을 암시한다. 지금은 노력하면서 때가 오기를 기다리는 것이 좋겠다."
"A","crawled-134","용이 나무에 걸려 있는 꿈","흉몽","본문2문장, 요약=본문앞부분잘림","2","자신이 하기에 역부족인 일을 맡게 될 것을 암시한다. 현재의 자신을 돌아보고 지나치게 욕심","자신이 하기에 역부족인 일을 맡게 될 것을 암시한다. 현재의 자신을 돌아보고 지나치게 욕심내지 않는 것이 좋으며, 주위 사람들의 아부나 감언에 현혹되지 않도록 조심해야 한다."
"A","crawled-135","용이 입에서 불을 뿜어 뜨거워하는 꿈","길몽","본문2문장, 요약=본문앞부분잘림","2","용은 입신출세와 명예, 신적인 힘 등 강한 운명적 계시성을 나타낸다. 권세있는 사람의 도움","용은 입신출세와 명예, 신적인 힘 등 강한 운명적 계시성을 나타낸다. 권세있는 사람의 도움으로 하고자 하는 일을 무사히 해결함을 의미한다."
"A","crawled-136","용의 꼬리가 산봉우리를 자르는 꿈","길몽","본문2문장, 요약=본문앞부분잘림","2","용으로 상징되는 큰 인물의 사상이나 논문, 정신적 영향력이 기존의 사상이나 학문, 관행을","용으로 상징되는 큰 인물의 사상이나 논문, 정신적 영향력이 기존의 사상이나 학문, 관행을 허물거나 큰 타격을 주게 될 것임을 암시한다. 산을 무너뜨리는 꿈이라면 기존 사상이 완전히 새로운 학설에 굴복하게 됨을 의미한다."
"A","crawled-137","용의 얼굴에 침을 뱉는 꿈","흉몽","본문2문장, 요약=본문앞부분잘림","2","매우 귀한 것을 더럽히거나 함부로 한다는 뜻으로 하루 종일 시비, 싸움, 소송 등으로 인한","매우 귀한 것을 더럽히거나 함부로 한다는 뜻으로 하루 종일 시비, 싸움, 소송 등으로 인한 시끄러운 일에 얽매일 수 있음을 암시한다. 경망한 짓으로 망신을 당할 수 있으니 몸가짐에 각별한 주의를 기울여야 한다."
"A","crawled-138","임금님이 앉던 용상에 앉은 꿈","길몽","본문2문장, 요약=본문앞부분잘림","2","용상은 최고의 권리나 지위, 명예, 행운을 상징한다. 명예와 신분이 상승될 길조이며, 고시","용상은 최고의 권리나 지위, 명예, 행운을 상징한다. 명예와 신분이 상승될 길조이며, 고시 합격, 수석 졸업, 국회의원·대통령 등 국가적으로 인정받는 요직에 오를 조짐이다."
"A","crawled-139","용상에서 내려오는 꿈","흉몽","본문2문장, 요약=본문앞부분잘림","2","용상은 최고의 권리나 지위, 명예, 행운을 상징한다. 그 자리에서 내려오는 것은 지위에서","용상은 최고의 권리나 지위, 명예, 행운을 상징한다. 그 자리에서 내려오는 것은 지위에서 물러나거나 명예가 퇴색되고 행운이 사라지게 됨을 암시한다."
"A","daily-001","집을 수리하는 꿈","길몽","요약⊂본문","3","생활에 좋은 변화가 찾아오는 길몽","낡은 집을 새롭게 고치고 수리하는 꿈은 생활에 좋은 변화가 찾아오는 길몽으로 전해진다. 집이 곧 삶의 터전을 상징한다는 점에서, 그것을 손질하고 가꾸는 행위가 앞으로의 안정과 발전으로 이어진다고 풀이된다. 수리가 깔끔하게 마무리되었다면 그 변화가 만족스러운 결과로 이어진다는 뜻이다."
"B","daily-002","집 안을 깨끗이 청소하는 꿈","길몽","요약≈본문첫문장(0.90)","3","귀한 손님이 찾아오는 길몽","집 구석구석을 정성껏 청소하는 꿈은 귀한 손님이 찾아오거나 좋은 인연을 맞이하게 됨을 암시하는 길몽으로 전해진다. 먼지를 털어내고 정돈하는 과정이 마음과 환경을 새롭게 정비하는 것으로 풀이된다. 청소를 마친 뒤 집이 유난히 환하고 밝아 보였다면 그 손님이 가져올 소식도 밝다는 뜻이다."
"B","daily-003","대들보가 부러지는 꿈","흉몽","요약≈본문첫문장(0.92)","3","집안에 우환이 생길 수 있다는 경고","집을 지탱하는 대들보가 부러지는 꿈은 집안에 우환이나 큰 문제가 생길 수 있다는 경고로 전해진다. 대들보가 집 전체를 떠받치는 중요한 구조물이라는 점에서, 그것이 부러진다는 것은 가정의 근간이 흔들리는 것으로 풀이된다. 이 꿈을 꾸었다면 가족의 건강이나 중요한 일을 한 번 더 점검하는 것이 좋다."
"B","daily-005","높은 누각에서 술을 마시는 꿈","길몽","요약≈본문첫문장(0.82)","3","부귀영화를 누리게 되는 길몽","높은 누각에 올라 여유롭게 술을 마시는 꿈은 앞으로 부귀영화를 누리게 됨을 암시하는 길몽으로 전해진다. 높은 곳에서 아래를 내려다보는 모습이 사회적 지위의 상승과 여유로운 삶을 상징한다고 풀이된다. 함께한 사람들과 분위기가 즐거웠다면 그 복을 주변 사람들과 함께 나누게 된다는 뜻이다."
"B","daily-006","거울이 깨지는 꿈","흉몽","요약≈본문첫문장(0.69)","3","소중한 관계에 균열이 생길 수 있다는 경고","들고 있던 거울이 갑자기 깨지는 꿈은 부부나 연인 사이에 균열이 생길 수 있다는 경고로 전해진다. 자신의 모습을 비추던 거울이 산산조각 난다는 것이 관계의 단절을 상징한다고 풀이된다. 이 꿈을 꾸었다면 가까운 사람과의 오해를 미리 풀어두는 것이 좋다고 전해진다."
"B","daily-008","가위를 보는 꿈","길몽","요약≈본문첫문장(0.86)","3","재물이 생기는 길몽","반짝이는 가위를 보거나 손에 쥐는 꿈은 재물이 생기게 됨을 암시하는 길몽으로 전해진다. 무언가를 자르고 다듬는 가위의 쓰임새가 불필요한 것을 정리하고 이득을 얻는 것으로 풀이된다. 가위로 무언가를 시원하게 잘랐다면 막혔던 일이 해결되고 재물도 함께 따른다는 뜻이다."
"B","daily-009","붓과 벼루를 손에 드는 꿈","길몽","요약≈본문첫문장(0.82)","3","반가운 소식을 듣게 되는 길몽","붓과 벼루를 정갈하게 손에 들고 있는 꿈은 곧 반가운 소식을 듣게 됨을 암시하는 길몽으로 전해진다. 글을 쓰는 도구를 손에 쥔다는 것이 좋은 소식이나 문서와 관련된 일의 순조로움을 상징한다고 풀이된다. 먹을 갈아 글씨를 써 내려갔다면 그 소식이 더욱 구체적이고 확실하다는 뜻이다."
"A","daily-011","금비녀가 유난히 빛나는 꿈","흉몽","요약⊂본문","3","소중한 것을 잃을 수 있다는 경고","금비녀가 눈부시게 빛나는 것을 보는 꿈은 화려함 뒤에 소중한 것을 잃을 수 있다는 경고를 함께 담고 있다고 전해진다. 지나치게 반짝이는 것에 마음을 빼앗기다 정작 중요한 것을 놓칠 수 있다는 의미로 풀이된다. 이 꿈을 꾸었다면 눈앞의 화려함보다 가까운 사람과의 관계를 먼저 챙기는 것이 좋다."
"B","daily-012","이사를 가는 꿈","길몽","요약≈본문첫문장(0.75)","3","생활 환경에 변화가 찾아오는 꿈","살던 곳을 떠나 새로운 곳으로 이사를 가는 꿈은 생활 환경이나 마음가짐에 큰 변화가 찾아오고 있음을 암시한다고 풀이된다. 이사한 새집이 이전보다 넓고 밝았다면 그 변화가 긍정적인 방향으로 흘러간다는 뜻이다. 반대로 낡고 어두운 집으로 이사했다면 변화에 앞서 마음의 준비가 더 필요하다는 뜻으로 해석된다."
"B","daily-014","지갑을 잃어버리는 꿈","흉몽","요약≈본문첫문장(0.64)","3","재물 관리에 유의하라는 경고","소중히 지니고 다니던 지갑을 잃어버리는 꿈은 재물 관리에 좀 더 유의해야 한다는 경고로 전해진다. 지갑 안에 든 것을 잃는다는 상징이 곧 재물이 새어나가는 것으로 풀이된다. 잃어버린 지갑을 다시 찾는 꿈으로 이어지면 걱정했던 손해를 피하게 된다는 뜻이다."
"B","daily-016","문이 잠겨 들어가지 못하는 꿈","흉몽","요약≈본문첫문장(0.77)","3","계획하던 일에 제동이 걸리는 경고","들어가려던 문이 굳게 잠겨 있어 애를 먹는 꿈은 계획하던 일에 제동이 걸리거나 뜻대로 되지 않는 상황을 암시한다고 전해진다. 문을 사이에 두고 가로막힌 답답함이 현실의 장애물을 상징한다고 풀이된다. 결국 다른 방법으로 문을 열고 들어갔다면 어려움을 스스로 극복해낼 수 있다는 뜻이다."
"B","daily-017","계단을 오르는 꿈","길몽","요약≈본문첫문장(0.75)","3","차근차근 승진하고 발전하는 길몽","높은 계단을 한 걸음씩 밟아 오르는 꿈은 차근차근 노력하여 승진하거나 발전하게 됨을 암시하는 길몽으로 전해진다. 한 계단씩 오르는 과정이 곧 순차적인 성취의 과정을 상징한다고 풀이된다. 계단 끝까지 힘들이지 않고 올랐다면 그 성취가 비교적 순조롭게 이루어진다는 뜻이다."
"B","daily-018","계단에서 굴러떨어지는 꿈","흉몽","요약≈본문첫문장(0.71)","3","갑작스러운 실패나 좌절을 조심하라는 경고","계단을 오르다 발을 헛디뎌 굴러떨어지는 꿈은 순조롭게 진행되던 일이 갑작스러운 실패나 좌절을 겪을 수 있다는 경고로 전해진다. 힘겹게 쌓아온 것이 한순간에 무너지는 불안감이 반영된 꿈으로 풀이된다. 크게 다치지 않고 일어났다면 다시 일어설 힘이 충분하다는 뜻으로도 해석된다."
"B","daily-019","다리를 건너는 꿈","길몽","요약≈본문첫문장(1.00)","3","새로운 전환점을 맞이하는 길몽","강이나 계곡에 놓인 다리를 건너는 꿈은 인생의 새로운 전환점을 맞이하게 됨을 암시하는 길몽으로 전해진다. 이쪽과 저쪽을 잇는 다리의 상징성이 한 단계 다음으로 나아가는 과정을 뜻한다고 풀이된다. 다리를 끝까지 무사히 건넜다면 그 전환이 성공적으로 마무리된다는 의미다."
"B","daily-020","비행기를 타고 여행하는 꿈","길몽","요약≈본문첫문장(0.70)","3","멀리서 좋은 소식이 오는 꿈","비행기를 타고 하늘을 가로질러 여행하는 꿈은 먼 곳에서 좋은 소식이 오거나 큰 목표를 향해 나아가고 있음을 암시한다고 전해진다. 비행이 순조롭고 창밖 풍경이 맑았다면 계획하는 일도 순탄하게 진행된다는 뜻이다. 비행 중 흔들림이나 소란이 있었다면 예상치 못한 변수에 대비할 필요가 있다는 뜻으로 해석된다."
"A","daily-021","기차나 버스를 놓치는 꿈","흉몽","요약⊂본문","3","좋은 기회를 놓칠 수 있다는 경고","타야 할 기차나 버스를 아깝게 놓치는 꿈은 눈앞에 온 좋은 기회를 놓칠 수 있다는 경고로 전해진다. 정해진 시간에 늦어 발만 동동 구르는 상황이 현실에서의 아쉬운 타이밍과 연결되어 해석된다. 이 꿈을 꾸었다면 중요한 약속이나 결정을 미루지 말고 서두르는 것이 좋다."
"B","daily-022","운전을 하는 꿈","길몽","요약≈본문첫문장(0.92)","3","삶에 대한 주도권을 보여주는 꿈","자신이 직접 운전대를 잡고 차를 모는 꿈은 삶이나 상황에 대한 주도권을 쥐고 있음을 보여주는 꿈으로 풀이된다. 도로가 뻥 뚫려 시원하게 달렸다면 계획하는 일이 순조롭게 진행된다는 뜻이다. 반대로 브레이크가 말을 듣지 않거나 길이 막혔다면 상황을 통제하기 어려운 스트레스를 반영한다고 해석된다."
"B","daily-024","길에서 돈을 줍는 꿈","길몽","요약≈본문첫문장(0.91)","3","뜻밖의 재물이 들어오는 길몽","길을 걷다 우연히 돈을 줍는 꿈은 뜻밖의 재물이나 이득이 들어오게 됨을 암시하는 길몽으로 전해진다. 예상치 못한 곳에서 얻은 돈이라는 점에서 노력 이상의 보상을 받게 된다고 풀이된다. 주운 돈의 액수가 클수록 들어오는 재물의 규모도 크다고 전해진다."
"B","daily-025","밥을 배불리 먹는 꿈","길몽","요약≈본문첫문장(0.90)","3","살림이 풍요로워지는 길몽","따뜻한 밥을 배불리 먹는 꿈은 살림이 풍요로워지고 생활에 여유가 생기게 됨을 암시하는 길몽으로 전해진다. 배고픔이 채워지는 만족감이 곧 부족함 없는 생활을 상징한다고 풀이된다. 여러 사람과 함께 음식을 나누어 먹었다면 그 풍요를 주변과 함께 나누게 된다는 뜻이다."
"B","daily-027","빨래를 깨끗하게 하는 꿈","길몽","요약≈본문첫문장(0.80)","3","묵은 근심이 해소되는 길몽","더러워진 옷가지를 깨끗하게 빨래하는 꿈은 마음속에 쌓여 있던 묵은 근심이나 걱정이 해소됨을 암시하는 길몽으로 전해진다. 때가 씻겨 나가는 과정이 곧 마음의 짐을 덜어내는 것으로 풀이된다. 빨래가 하얗고 깨끗하게 마무리되었다면 그만큼 홀가분한 마음으로 새출발을 하게 된다는 뜻이다."
"B","daily-028","새 옷을 사서 입는 꿈","길몽","요약≈본문첫문장(0.79)","3","좋은 변화와 새로운 기회를 맞는 길몽","마음에 드는 새 옷을 사서 갈아입는 꿈은 생활에 좋은 변화가 찾아오고 새로운 기회를 맞이하게 됨을 암시하는 길몽으로 전해진다. 낡은 것을 벗고 새것으로 갈아입는 행위가 새로운 시작을 상징한다고 풀이된다. 옷이 화려하고 잘 어울렸다면 주변의 인정과 관심을 받게 된다는 뜻이다."
"A","daily-030","다른 사람의 옷을 입는 꿈","흉몽","요약⊂본문","3","근심거리가 생길 수 있다는 경고","자신의 옷이 아닌 다른 사람의 옷을 입고 있는 꿈은 뜻하지 않은 근심거리가 생길 수 있다는 경고로 전해진다. 자기 것이 아닌 옷이 몸에 맞지 않는 것처럼, 자신에게 맞지 않는 책임이나 상황을 떠안게 될 수 있다는 뜻으로 풀이된다. 옷이 잘 맞고 편안했다면 오히려 새로운 역할에 잘 적응하게 된다는 뜻으로 해석되기도 한다."
"B","lucky-001","똥을 온몸에 뒤집어쓰는 꿈","길몽","요약≈본문첫문장(0.71)","3","뜻밖의 큰 행운이 찾아오는 대표 길몽","똥이나 오물을 온몸에 뒤집어쓰는 꿈은 불쾌한 느낌과 달리 전통 해몽에서 큰 행운이 찾아오는 대표적인 길몽으로 꼽힌다. 더러운 것이 오히려 복으로 풀이되는 반대해석의 대표 사례로 자주 언급된다. 묻은 양이 많을수록 들어오는 재물의 규모도 크다고 전해진다."
"B","lucky-002","집안으로 관이 들어오는 꿈","길몽","요약≈본문첫문장(0.67)","3","모든 일이 순조롭게 풀리는 길몽","관이 집안으로 들어오는 꿈은 불길해 보이지만 전통 해몽에서는 하는 일마다 순조롭게 풀리는 길몽으로 전해진다. 관이 재물이나 새로운 복을 담아 오는 그릇으로 여겨져 온 것으로 보인다. 관이 크고 무거울수록 그 복의 규모도 크다고 풀이된다."
"B","lucky-004","금덩이를 줍는 꿈","길몽","요약≈본문첫문장(0.83)","3","예상치 못한 큰 재물을 얻는 길몽","길을 가다 반짝이는 금덩이를 발견해 줍는 꿈은 예상치 못한 곳에서 큰 재물을 얻게 됨을 암시하는 길몽으로 전해진다. 귀금속 중에서도 금이 가장 변치 않는 가치를 지닌다는 점에서 이 꿈은 특히 좋은 꿈으로 여겨진다. 주운 금덩이를 잃어버리지 않고 잘 간직했다면 그 복을 오래도록 누리게 된다는 뜻이다."
"B","lucky-005","하늘에서 돈이 비처럼 쏟아지는 꿈","길몽","요약≈본문첫문장(0.62)","3","큰 재물운이 들어오는 최고의 길몽","하늘에서 지폐나 동전이 비처럼 쏟아지는 꿈은 재물운이 크게 트이는 최고의 길몽 가운데 하나로 전해진다. 노력하지 않아도 저절로 얻어지는 재물의 이미지가 뜻밖의 횡재로 풀이된다. 떨어지는 돈을 손으로 직접 받아 챙겼다면 그 행운을 놓치지 않고 잘 붙잡게 된다는 뜻이다."
"B","lucky-006","곳간에 곡식이 가득 찬 꿈","길몽","요약≈본문첫문장(0.89)","3","살림이 풍족해지는 길몽","텅 비어 있던 곳간에 곡식이 가득 쌓여 있는 꿈은 앞으로 살림이 풍족해지고 근심 없이 지내게 됨을 암시하는 길몽으로 전해진다. 곳간은 예로부터 그 집안의 살림살이를 보여주는 상징적인 공간으로 여겨져 왔다. 곡식이 넘칠 듯이 가득했다면 그 풍요로움이 오래도록 지속된다는 뜻이다."
"B","lucky-009","배를 타고 순조롭게 나아가는 꿈","길몽","요약≈본문첫문장(0.92)","3","하는 일이 막힘없이 진행되는 길몽","잔잔한 바다 위를 배를 타고 순조롭게 나아가는 꿈은 계획하고 있는 일이 막힘없이 진행되어 감을 암시하는 길몽으로 전해진다. 배가 목적지를 향해 순항하는 모습이 일이 순탄하게 풀려나가는 과정을 상징한다고 풀이된다. 배에 짐이 가득 실려 있었다면 그 성과도 풍성하다는 뜻이다."
"B","lucky-010","어두운 밤 등대 불빛을 보는 꿈","길몽","요약≈본문첫문장(0.79)","3","방향을 잃지 않고 나아가게 되는 길몽","캄캄한 밤바다에서 멀리 등대의 불빛을 발견하는 꿈은 인생의 방향을 잃지 않고 올바른 길로 나아가게 됨을 암시하는 길몽으로 전해진다. 어둠 속에서도 흔들리지 않는 등대의 불빛이 든든한 이정표를 상징한다고 풀이된다. 그 불빛을 따라 무사히 항구에 도착했다면 고민하던 문제도 곧 해결된다는 뜻이다."
"B","lucky-011","왕관을 쓰는 꿈","길몽","요약≈본문첫문장(0.91)","3","높은 지위와 명예를 얻는 길몽","자신의 머리에 화려한 왕관을 쓰는 꿈은 높은 지위와 명예를 얻게 됨을 암시하는 길몽으로 전해진다. 왕관이 권위와 최고의 자리를 상징하는 물건이라는 점에서, 이를 직접 쓴다는 것은 큰 성취를 이룬다는 뜻으로 풀이된다. 왕관이 화려하고 무거울수록 그에 따르는 책임도 크다는 의미로 함께 해석된다."
"B","lucky-012","금반지를 얻는 꿈","길몽","요약≈본문첫문장(0.75)","3","좋은 인연이나 재물을 얻는 길몽","반짝이는 금반지를 선물받거나 손에 끼는 꿈은 좋은 인연을 맺거나 재물을 얻게 됨을 암시하는 길몽으로 전해진다. 반지가 지닌 이어짐과 약속의 의미가 혼인이나 계약과 같은 좋은 결실로 풀이된다. 반지가 손가락에 꼭 맞았다면 그 인연이나 성과가 자신에게 잘 어울린다는 뜻이다."
"B","lucky-013","항아리에 물이 가득 차는 꿈","길몽","요약≈본문첫문장(0.80)","3","재물이 차곡차곡 쌓이는 길몽","텅 빈 항아리에 맑은 물이 가득 차오르는 꿈은 재물이 차곡차곡 쌓여가게 됨을 암시하는 길몽으로 전해진다. 물이 넘치지 않고 항아리 안에 가득 담기는 모습이 안정적으로 불어나는 재산을 상징한다고 풀이된다. 항아리가 여러 개였다면 재물이 여러 갈래로 함께 늘어난다는 뜻이다."
"B","lucky-014","낚시로 큰 물고기를 낚는 꿈","길몽","요약≈본문첫문장(0.92)","3","오랜 노력 끝에 큰 성과를 얻는 길몽","낚싯대를 드리우고 기다린 끝에 아주 큰 물고기를 낚아 올리는 꿈은 오랜 노력 끝에 큰 성과를 얻게 됨을 암시하는 길몽으로 전해진다. 기다림 끝의 손맛이 곧 인내 끝에 찾아오는 보상을 상징한다고 풀이된다. 낚은 물고기가 파닥거리며 힘이 넘쳤다면 그 성과의 생명력과 지속성도 크다는 뜻이다."
"B","lucky-015","보물상자를 여는 꿈","길몽","요약≈본문첫문장(0.60)","3","숨겨져 있던 좋은 기회를 발견하는 길몽","오래된 보물상자를 열어 그 안의 귀한 물건을 확인하는 꿈은 그동안 미처 몰랐던 좋은 기회나 재능을 발견하게 됨을 암시하는 길몽으로 전해진다. 상자를 여는 순간의 설렘이 곧 새로운 가능성을 마주하는 순간을 상징한다고 풀이된다. 상자 안이 보석과 금은으로 가득했다면 그 기회의 가치도 매우 크다는 뜻이다."
"B","lucky-017","맑은 종소리를 듣는 꿈","길몽","요약≈본문첫문장(1.00)","3","좋은 소식이 널리 퍼지는 길몽","멀리서 맑고 청아한 종소리가 울려 퍼지는 것을 듣는 꿈은 좋은 소식이 널리 퍼지게 됨을 암시하는 길몽으로 전해진다. 종소리가 멀리까지 퍼져나가는 특성이 좋은 소문이나 명성이 퍼지는 것과 자연스럽게 연결된다. 종소리를 듣고 마음이 편안해졌다면 그 소식이 큰 위안을 준다는 뜻이다."
"B","lucky-018","어두운 곳에서 밝은 등불을 보는 꿈","길몽","요약≈본문첫문장(1.00)","3","희망과 해결책을 발견하는 길몽","어둠 속을 헤매다 저 멀리 밝은 등불을 발견하는 꿈은 막막했던 상황에서 희망과 해결책을 찾게 됨을 암시하는 길몽으로 전해진다. 어둠과 빛의 대비가 곧 고민과 그 해답의 관계를 상징한다고 풀이된다. 등불을 향해 걸어가 무사히 도착했다면 실제로 그 해결책을 찾아내게 된다는 뜻이다."
"B","lucky-019","넓은 밭이나 논을 얻는 꿈","길몽","요약≈본문첫문장(0.80)","3","안정적인 재산을 얻는 길몽","넓게 펼쳐진 밭이나 논을 자신의 소유로 얻는 꿈은 안정적인 재산과 생활 기반을 마련하게 됨을 암시하는 길몽으로 전해진다. 땅이 주는 든든함이 오래도록 유지되는 재물의 성격과 자연스럽게 연결된다. 그 땅에 곡식이 잘 자라고 있었다면 그 재산이 꾸준히 불어난다는 뜻이다."
"B","lucky-020","황금빛으로 물든 들판을 보는 꿈","길몽","요약≈본문첫문장(0.69)","3","풍요로운 결실을 눈앞에 두는 길몽","가을 들판이 황금빛으로 넘실거리는 것을 보는 꿈은 그동안의 노력이 풍요로운 결실로 눈앞에 나타나게 됨을 암시하는 길몽으로 전해진다. 결실을 앞둔 벼가 고개를 숙인 모습이 겸손하게 이루어낸 성취를 상징한다고 풀이된다. 들판이 끝없이 펼쳐져 있었다면 그 결실의 규모도 상당하다는 뜻이다."
"B","lucky-022","넓고 좋은 새집을 얻는 꿈","길몽","요약≈본문첫문장(0.92)","3","생활 형편이 크게 나아지는 길몽","이전보다 훨씬 넓고 좋은 새집을 얻어 이사하는 꿈은 생활 형편이 크게 나아지고 안정을 찾게 됨을 암시하는 길몽으로 전해진다. 넉넉한 공간과 밝은 채광이 곧 여유로운 앞날을 상징한다고 풀이된다. 집 안 가득 햇살이 들어왔다면 그 형편이 더욱 밝고 순조롭게 풀린다는 뜻이다."
"B","lucky-023","별을 품에 안는 꿈","길몽","요약≈본문첫문장(0.90)","3","큰 성공과 명예를 얻는 길몽","밤하늘에서 떨어진 별을 품에 안는 꿈은 앞으로 큰 성공과 명예를 얻게 됨을 암시하는 길몽으로 전해진다. 반짝이는 별을 손에 넣었다는 상징이 남들이 부러워할 만한 성취를 뜻한다고 풀이된다. 태몽으로 이 꿈을 꾸었다면 장차 이름을 널리 알릴 자손을 얻는다는 뜻으로도 전해진다."
"B","lucky-025","금송아지를 얻는 꿈","길몽","요약≈본문첫문장(0.83)","3","큰 재물과 귀한 자손을 얻는 길몽","눈부시게 빛나는 금송아지를 얻는 꿈은 큰 재물을 얻거나 귀한 자손을 얻게 됨을 암시하는 길몽으로 전해진다. 소가 예로부터 부지런함과 재산을 상징하는 동물이었던 만큼, 금으로 된 송아지는 그 상징성이 배가된다고 풀이된다. 태몽으로 꾸었다면 훗날 크게 성공할 자손을 얻는다는 뜻으로 해석된다."
"B","lucky-026","우물에서 맑은 물이 콸콸 솟는 꿈","길몽","요약≈본문첫문장(0.92)","3","재물의 근원이 왕성해지는 길몽","우물 바닥에서 맑은 물이 힘차게 콸콸 솟아오르는 꿈은 재물의 근원이 왕성해지고 살림이 넉넉해지게 됨을 암시하는 길몽으로 전해진다. 마르지 않고 솟아나는 물줄기가 끊임없이 이어지는 복을 상징한다고 풀이된다. 그 물을 직접 떠서 마셨다면 그 복을 온전히 자신의 것으로 누리게 된다는 뜻이다."
"B","lucky-027","풍성하게 곡식을 수확하는 꿈","길몽","요약≈본문첫문장(0.67)","3","한 해의 노력이 결실을 맺는 길몽","논밭에서 잘 익은 곡식을 풍성하게 거두어들이는 꿈은 그동안 기울인 노력이 결실을 맺어 좋은 성과를 얻게 됨을 암시하는 길몽으로 전해진다. 수확의 기쁨이 곧 노력에 대한 정당한 보상을 상징한다고 풀이된다. 수확한 곡식을 곳간 가득 쌓아두었다면 그 성과가 오래도록 지속된다는 뜻이다."
"B","lucky-029","조상의 산소에 정성껏 절을 올리는 꿈","길몽","요약≈본문첫문장(0.75)","3","조상의 도움으로 집안이 평안해지는 길몽","조상의 산소를 찾아 정성껏 절을 올리는 꿈은 조상의 보살핌으로 집안이 평안해지고 좋은 일이 생기게 됨을 암시하는 길몽으로 전해진다. 산소가 깨끗하게 잘 정돈되어 있었다면 집안의 화목이 더욱 굳건하다는 뜻으로 풀이된다. 절을 올리는 마음이 경건하고 정성스러웠을수록 그 복이 크다고 전해진다."
"B","lucky-030","장독에 간장이 가득 차 있는 꿈","길몽","요약≈본문첫문장(0.89)","3","살림이 넉넉해지는 길몽","장독대의 항아리마다 간장과 된장이 가득 차 있는 것을 보는 꿈은 살림이 넉넉해지고 집안에 먹을 것이 풍족해짐을 암시하는 길몽으로 전해진다. 오랜 시간 정성으로 담근 장이 가득한 모습이 꾸준히 쌓아온 복을 상징한다고 풀이된다. 장독 뚜껑을 열었을 때 좋은 냄새가 났다면 그 복이 이미 무르익었다는 뜻이다."
"B","mystic-001","저승사자를 만나는 꿈","흉몽","요약≈본문첫문장(0.73)","3","큰 변화의 시작을 암시하는 꿈","검은 옷차림의 저승사자를 만나는 꿈은 실제 죽음을 예고한다기보다, 지금까지의 생활에 큰 변화가 시작됨을 암시하는 상징적인 꿈으로 풀이된다. 낯선 존재와의 만남이 익숙한 것과의 작별, 새로운 국면으로의 전환을 뜻한다고 해석된다. 저승사자를 따라가지 않고 무사히 돌아왔다면 큰 위기를 넘기고 변화에 잘 대응하게 된다는 뜻이다."
"B","mystic-002","귀신을 보는 꿈","흉몽","요약≈본문첫문장(0.80)","3","마음속 불안이 상징적으로 드러나는 꿈","낯선 귀신의 형상을 보는 꿈은 마음속에 자리한 막연한 불안이나 풀리지 않은 걱정이 상징적으로 드러난 것으로 풀이된다. 두려운 존재와 마주하는 상황이 현실에서 피하고 싶은 문제를 반영한다고 해석된다. 귀신과 대화를 나누거나 무사히 돌려보냈다면 마음속 불안의 정체를 파악하고 극복해낸다는 뜻이다."
"B","mystic-004","부처님을 만나 절을 올리는 꿈","길몽","요약≈본문첫문장(0.75)","3","마음의 평안과 큰 복을 얻는 길몽","부처님 앞에서 정성껏 절을 올리는 꿈은 마음의 평안을 찾고 큰 복을 얻게 됨을 암시하는 길몽으로 전해진다. 자비롭고 온화한 부처님의 모습이 근심 없는 안정된 삶을 상징한다고 풀이된다. 부처님이 온화하게 미소를 지었다면 바라던 일이 순조롭게 이루어진다는 뜻이다."
"B","mystic-005","산신령이 나타나 말을 건네는 꿈","길몽","요약≈본문첫문장(0.83)","3","인생의 중요한 지혜를 얻는 길몽","산속에서 신비로운 산신령이 나타나 조언을 건네는 꿈은 인생의 중요한 순간에 큰 지혜를 얻게 됨을 암시하는 길몽으로 전해진다. 산신령이 지닌 신성하고 지혜로운 이미지가 삶의 방향을 제시해주는 존재로 풀이된다. 산신령의 말을 정확히 기억할 수 있었다면 그 조언이 실제 삶에도 큰 도움이 된다는 뜻이다."
"B","mystic-006","굿을 하는 모습을 지켜보는 꿈","길몽","요약≈본문첫문장(0.73)","3","묵은 액운이 정리되는 것을 암시하는 꿈","무당이 정성껏 굿을 하는 모습을 지켜보는 꿈은 집안에 쌓여 있던 묵은 액운이나 근심이 정리되어 감을 암시한다고 전해진다. 굿판의 시끌벅적한 장단과 정성스러운 의식이 나쁜 기운을 몰아내는 정화의 과정으로 풀이된다. 굿이 끝난 뒤 주변이 고요하고 평온해졌다면 그 정리가 잘 마무리된다는 뜻이다."
"B","mystic-007","부적을 몸에 지니는 꿈","길몽","요약≈본문첫문장(1.00)","3","나쁜 기운을 막아주는 길몽","몸에 부적을 지니거나 붙이는 꿈은 나쁜 기운이나 액운을 막아주는 보호막이 생기게 됨을 암시하는 길몽으로 전해진다. 부적이 지닌 액막이의 상징성이 그대로 좋은 방향으로 해석된다. 부적의 글씨가 선명하고 또렷했다면 그 보호의 효력이 강하다는 뜻으로 풀이된다."
"B","mystic-009","하늘에서 신령스러운 빛이 내려오는 꿈","길몽","요약≈본문첫문장(0.64)","3","큰 축복이 내리는 최고의 길몽","하늘이 갈라지며 눈부신 빛줄기가 자신에게 곧게 내려오는 꿈은 큰 축복과 좋은 기운이 함께하게 됨을 암시하는 최고의 길몽으로 전해진다. 하늘에서 비치는 신령스러운 빛이 특별한 가호와 보살핌을 상징한다고 풀이된다. 그 빛을 온몸으로 받아들였다면 그 축복이 자신에게 온전히 전해진다는 뜻이다."
"B","mystic-011","미래의 일을 미리 보는 꿈","길몽","요약≈본문첫문장(0.63)","3","직감이 예리해지는 시기를 암시하는 길몽","실제로 일어날 일을 미리 보는 듯한 생생한 꿈은 지금이 직감과 통찰력이 유난히 예민해지는 시기임을 암시하는 길몽으로 전해진다. 꿈속 장면이 세세하고 뚜렷하게 기억날수록 그 예감이 실생활에서도 잘 들어맞는다고 풀이된다. 이런 꿈을 꾼 뒤에는 중요한 결정에서 자신의 직감을 한 번 더 믿어봐도 좋다고 전해진다."
"B","mystic-013","다시 태어나는 꿈","길몽","요약≈본문첫문장(0.69)","3","완전히 새로운 시작을 알리는 길몽","죽었다가 다시 새롭게 태어나는 꿈은 지금까지와는 완전히 다른 새로운 시작을 하게 됨을 암시하는 길몽으로 전해진다. 낡은 자신을 벗고 새 생명으로 거듭나는 상징이 인생의 큰 전환점을 뜻한다고 풀이된다. 다시 태어난 모습이 밝고 건강했다면 그 새로운 시작이 순조롭게 풀린다는 뜻이다."
"B","mystic-016","하늘의 문이 활짝 열리는 꿈","길몽","요약≈본문첫문장(1.00)","3","큰 기회와 축복의 문이 열리는 길몽","굳게 닫혀 있던 하늘의 문이 활짝 열리는 꿈은 그동안 막혀 있던 큰 기회와 축복의 문이 열리게 됨을 암시하는 길몽으로 전해진다. 하늘 문 너머로 밝은 빛이 쏟아져 나왔다면 그 기회가 매우 밝고 긍정적이라는 뜻으로 풀이된다. 열린 문으로 직접 들어섰다면 그 기회를 놓치지 않고 붙잡게 된다는 뜻이다."
"B","mystic-017","저승을 여행하고 돌아오는 꿈","길몽","요약≈본문첫문장(0.62)","3","큰 위기를 넘기고 새 삶을 얻는 길몽","저승과 같은 낯선 세계를 여행하다 다시 이승으로 돌아오는 꿈은 큰 위기를 무사히 넘기고 새로운 마음가짐으로 살아가게 됨을 암시하는 길몽으로 전해진다. 낯선 세계를 경험하고 돌아온다는 서사가 삶과 죽음에 대한 깊은 통찰과 재출발을 상징한다고 풀이된다. 돌아오는 길이 평온하고 두렵지 않았다면 그 위기를 홀가분하게 극복한다는 뜻이다."
"B","mystic-018","부처님께 소원을 비는 꿈","길몽","요약≈본문첫문장(0.86)","3","간절히 바라던 일이 이루어지는 길몽","불상 앞에 두 손을 모으고 간절히 소원을 비는 꿈은 마음속으로 바라던 일이 이루어지게 됨을 암시하는 길몽으로 전해진다. 정성스러운 기도의 마음이 소망의 간절함과 성취 가능성을 함께 나타낸다고 풀이된다. 빌고 난 뒤 마음이 후련하고 평온했다면 그 소망이 곧 현실로 이루어진다는 뜻이다."
"B","mystic-019","하늘에서 선녀가 내려오는 꿈","길몽","요약≈본문첫문장(0.85)","3","귀한 인연과 축복이 함께하는 길몽","아름다운 선녀가 구름을 타고 하늘에서 내려오는 꿈은 귀한 인연을 맺거나 큰 축복이 함께하게 됨을 암시하는 길몽으로 전해진다. 신비롭고 고귀한 선녀의 이미지가 특별한 행운이나 태몽으로도 자주 연결되어 해석된다. 선녀가 온화한 미소를 지었다면 그 축복이 포근하고 따뜻하게 전해진다는 뜻이다."
"B","mystic-021","굿판에서 신명나게 춤을 추는 꿈","길몽","요약≈본문첫문장(0.75)","3","막혔던 기운이 풀리고 활기를 되찾는 길몽","굿판의 장단에 맞춰 신명나게 춤을 추는 꿈은 몸과 마음에 쌓여 있던 답답한 기운이 풀리고 활기를 되찾게 됨을 암시하는 길몽으로 전해진다. 흥겨운 장단과 몸짓이 억눌렸던 감정의 해소를 상징한다고 풀이된다. 춤을 추고 난 뒤 몸이 가볍고 개운했다면 실제로도 스트레스가 해소된다는 뜻이다."
"B","mystic-022","초능력을 사용하는 꿈","길몽","요약≈본문첫문장(0.64)","3","숨겨진 잠재력을 발견하게 되는 길몽","손에서 빛이 나오거나 물건을 마음대로 움직이는 등 초능력을 사용하는 꿈은 자신도 몰랐던 잠재력이나 재능을 발견하게 됨을 암시하는 길몽으로 전해진다. 평범하지 않은 능력을 자유자재로 다루는 모습이 자신감의 상승을 상징한다고 풀이된다. 그 능력을 좋은 일에 사용했다면 실제로도 재능을 뜻깊게 활용하게 된다는 뜻이다."
"B","mystic-023","죽었다가 다시 살아나는 꿈","길몽","요약≈본문첫문장(0.93)","3","큰 전환점을 지나 새롭게 도약하는 길몽","꿈속에서 한 번 죽음을 경험했다가 다시 살아나는 꿈은 인생의 큰 전환점을 지나 완전히 새롭게 도약하게 됨을 암시하는 길몽으로 전해진다. 극적인 죽음과 부활의 서사가 묵은 것을 완전히 떨쳐내고 다시 시작하는 상징으로 풀이된다. 다시 살아난 뒤 몸이 가뿐하고 홀가분했다면 그 새 출발이 성공적으로 이루어진다는 뜻이다."
"B","mystic-024","하늘의 계시와 같은 목소리를 듣는 꿈","길몽","요약≈본문첫문장(0.85)","3","중요한 깨달음과 방향을 얻는 길몽","어디선가 들려오는 근엄하고 신비로운 목소리를 통해 계시를 받는 듯한 꿈은 삶의 중요한 깨달음과 나아갈 방향을 얻게 됨을 암시하는 길몽으로 전해진다. 또렷하게 들려온 말일수록 그 메시지가 현실에서도 명확한 지침이 되어준다고 풀이된다. 그 목소리를 듣고 마음이 편안해졌다면 이미 답을 찾은 것이나 다름없다는 뜻이다."
"B","mystic-025","신비한 빛의 구슬을 삼키는 꿈","길몽","요약≈본문첫문장(0.69)","3","큰 깨달음과 능력을 얻게 되는 길몽","영롱하게 빛나는 신비한 구슬을 자기도 모르게 삼키는 꿈은 큰 깨달음이나 남다른 능력을 얻게 됨을 암시하는 길몽으로 전해진다. 몸속에 귀한 것을 품게 된다는 상징이 지혜와 역량이 내면에 자리잡는 과정으로 풀이된다. 구슬을 삼킨 뒤 몸이 따뜻해지는 느낌이었다면 그 능력이 서서히 발현된다는 뜻이다."
"B","mystic-026","저승사자를 따돌리고 도망치는 꿈","길몽","요약≈본문첫문장(0.91)","3","큰 위기를 무사히 넘기는 길몽","자신을 데려가려는 저승사자를 꾀를 내어 따돌리고 무사히 도망치는 꿈은 건강이나 큰 위기를 무사히 넘기게 됨을 암시하는 길몽으로 전해진다. 위협적인 존재로부터 벗어나는 데 성공했다는 서사가 곧 위기 극복의 상징으로 풀이된다. 도망친 뒤 마음이 홀가분하고 편안했다면 그 위기가 완전히 지나갔다는 뜻이다."
"B","mystic-027","신내림을 받는 듯한 꿈","흉몽","요약≈본문첫문장(0.63)","3","특별한 책임감과 사명감을 느끼게 되는 꿈","몸이 떨리며 신을 받아들이는 듯한 강렬한 꿈은 실제 신내림과 무관하게, 삶에서 특별한 책임감이나 사명감을 자각하게 되는 시기임을 암시한다고 풀이된다. 강렬한 감각과 떨림이 마음속 깊이 자리한 소명 의식을 상징한다고 해석된다. 이런 꿈으로 마음이 불안하거나 혼란스럽다면 믿을 수 있는 사람과 이야기를 나누며 마음을 다독이는 것이 좋다."
"B","mystic-028","신비로운 도사에게 물건을 건네받는 꿈","길몽","요약≈본문첫문장(0.69)","3","귀한 가르침이나 도움을 얻는 길몽","흰 수염의 신비로운 도사가 나타나 귀한 물건을 손에 쥐여주는 꿈은 살아가는 데 큰 도움이 될 가르침이나 조력을 얻게 됨을 암시하는 길몽으로 전해진다. 도사가 지닌 초연하고 지혜로운 이미지가 뜻밖의 귀인을 상징한다고 풀이된다. 건네받은 물건이 반짝이고 귀해 보였다면 그 도움의 가치도 그만큼 크다는 뜻이다."
"B","mystic-029","성스러운 형상 앞에서 마음이 평온해지는 꿈","길몽","요약≈본문첫문장(0.88)","3","근심이 사라지고 마음의 안정을 찾는 길몽","십자가나 성상처럼 성스러운 형상 앞에서 저절로 마음이 평온해지는 꿈은 그동안의 근심이 사라지고 깊은 마음의 안정을 찾게 됨을 암시하는 길몽으로 전해진다. 경건한 분위기 속에서 느끼는 고요함이 내면의 평화를 상징한다고 풀이된다. 그 앞에서 눈물이 났다면 오랫동안 쌓였던 감정이 씻겨 내려간다는 뜻으로도 해석된다."
"B","mystic-030","세상을 내려다보듯 높은 곳에 서 있는 꿈","길몽","요약≈본문첫문장(0.79)","3","넓은 안목과 큰 성취를 암시하는 길몽","구름 위나 아주 높은 곳에 올라서서 세상을 넓게 내려다보는 꿈은 넓은 안목을 갖추고 큰 성취를 이루게 됨을 암시하는 길몽으로 전해진다. 아득히 먼 곳까지 내다보는 시야가 앞일을 미리 준비하는 통찰력을 상징한다고 풀이된다. 그 풍경이 평화롭고 아름다웠다면 이루어낼 성취 또한 만족스럽다는 뜻이다."
"B","nature-001","해가 품속으로 들어오는 꿈","길몽","요약≈본문첫문장(0.82)","3","귀한 자손을 얻는 최고의 태몽","밝은 해가 품속으로 들어오거나 몸에 비치는 꿈은 귀하고 훌륭한 자손을 얻게 되는 최고의 태몽으로 전해진다. 전통 해몽에서 해와 달이 몸에 비치면 높은 관직을 얻는다고 풀이해 온 것과 같은 맥락이다. 아들을 얻는 태몽으로 흔히 해석되며, 꿈이 선명하고 밝을수록 좋은 정조로 여겨진다."
"B","nature-002","달이 치마폭에 안기는 꿈","길몽","요약≈본문첫문장(0.86)","3","귀한 딸을 얻는 태몽","둥근 달이 치마폭이나 품 안으로 들어오는 꿈은 귀한 딸을 얻게 되는 태몽으로 전해진다. 해가 아들의 태몽으로 여겨지는 것과 대비되어, 달은 전통적으로 딸의 태몽을 상징하는 자연물로 풀이되어 왔다. 달빛이 유난히 밝고 맑았다면 아이가 총명하고 온화한 성품으로 자랄 것이라는 뜻도 함께 담고 있다."
"B","nature-003","해와 달을 동시에 보는 꿈","길몽","요약≈본문첫문장(0.80)","3","큰 성취와 명예를 얻는 길몽","하늘에 해와 달이 함께 떠 있는 것을 보는 꿈은 매우 드문 만큼 큰 성취와 명예를 함께 얻게 되는 길몽으로 전해진다. 두 개의 밝은 빛을 동시에 본다는 것은 그만큼 여러 방면에서 좋은 일이 겹쳐 일어남을 상징한다고 풀이된다. 사업과 자녀 운이 동시에 트이는 꿈으로 해석되기도 한다."
"B","nature-006","벼락을 맞는 꿈","길몽","요약≈본문첫문장(0.77)","3","뜻밖의 재물이나 행운이 생기는 꿈","벼락이나 번개를 맞는 꿈은 현실에서는 두려운 상황이지만, 전통 해몽에서는 오히려 뜻밖의 공돈이나 행운이 생기는 길몽으로 전해진다. 강렬한 자연의 힘이 순간적으로 삶에 큰 변화를 가져온다는 상징이 재물운으로 연결된 것으로 보인다. 벼락을 맞고도 다치지 않았다면 그 행운의 크기가 더 크다고 풀이된다."
"A","nature-007","무지개가 뜨는 꿈","길몽","요약⊂본문","3","경사스러운 일이 찾아오는 길몽","비 갠 뒤 선명한 무지개가 하늘에 걸리는 꿈은 집안에 경사스러운 일이 찾아오는 길몽으로 널리 알려져 있다. 무지개는 하늘과 땅을 잇는 다리처럼 여겨져 좋은 소식이나 인연이 이어짐을 상징한다고 풀이된다. 무지개를 타고 오르는 꿈이라면 출세나 명예를 얻는 뜻으로 더욱 좋게 해석된다."
"B","nature-008","맑은 물이 흐르는 꿈","길몽","요약≈본문첫문장(0.75)","3","재물과 일이 순조롭게 풀리는 꿈","맑고 깨끗한 물이 잔잔하게 흐르는 것을 보는 꿈은 재물과 하는 일이 순조롭게 풀려나가는 길몽으로 전해진다. 물의 맑기가 곧 마음과 상황의 맑음을 상징한다고 여겨져 왔다. 반대로 물이 흐리고 탁했다면 근심이나 방해되는 일이 생길 수 있다는 뜻으로 풀이된다."
"B","nature-009","흙탕물에 빠지는 꿈","흉몽","요약≈본문첫문장(0.67)","3","근심과 구설을 조심하라는 경고","흙탕물에 빠지거나 흙탕물을 뒤집어쓰는 꿈은 근심스러운 일이나 주변의 구설수를 조심하라는 경고로 전해진다. 맑은 물이 길함을 상징하는 것과 반대로, 탁하고 더러운 물은 마음이 어지럽고 상황이 불투명함을 나타낸다고 풀이된다. 다만 빠졌던 흙탕물에서 무사히 빠져나오는 꿈으로 이어지면 문제가 곧 해결된다는 뜻이 된다."
"B","nature-010","큰물이 흘러넘치는 꿈","길몽","요약≈본문첫문장(0.86)","3","혼인이나 좋은 인연이 이루어지는 꿈","강물이나 냇물이 크게 불어 흘러넘치는 꿈은 혼인이 이루어지거나 좋은 인연을 맺게 됨을 암시하는 길몽으로 전해진다. 넘쳐흐르는 물의 풍성함이 인생의 큰 경사와 자연스럽게 연결되어 해석된 것으로 보인다. 미혼인 사람이 이 꿈을 꾸면 특히 반가운 소식으로 이어진다고 전해진다."
"B","nature-011","산이 무너지는 꿈","흉몽","요약≈본문첫문장(0.86)","3","믿었던 기반이 흔들릴 수 있다는 경고","산에 올랐다가 그 산이 무너지는 것을 보는 꿈은 믿고 의지하던 기반이나 사람이 흔들릴 수 있다는 경고로 전해진다. 굳건해 보이던 산이 무너진다는 상징이 안정적이라 여겼던 상황의 급변을 뜻한다고 풀이된다. 이 꿈을 꾸었다면 중요한 계약이나 관계를 다시 한번 점검하는 것이 좋다."
"B","nature-012","산 정상에 오르는 꿈","길몽","요약≈본문첫문장(1.00)","3","목표를 이루고 출세하는 길몽","힘겹게 산을 올라 정상에 다다르는 꿈은 오랜 노력 끝에 목표를 이루고 출세하게 됨을 암시하는 길몽으로 전해진다. 정상에서 내려다보는 경치가 시원하고 밝았다면 그만큼 큰 성취를 이루게 된다는 뜻으로 풀이된다. 반대로 정상에 오르지 못하고 중도에 포기했다면 계획에 차질이 생길 수 있다는 뜻이 된다."
"B","nature-015","눈이 소복이 쌓이는 꿈","길몽","요약≈본문첫문장(0.73)","3","재물이 쌓이는 풍요로운 길몽","하얀 눈이 온 세상에 소복이 쌓이는 꿈은 재물이 쌓이고 살림이 풍요로워지는 길몽으로 전해진다. 눈이 넓게 뒤덮을수록 들어오는 복의 크기도 크다고 풀이된다. 눈을 맞으면서도 춥지 않고 포근하게 느껴졌다면 마음의 안정과 함께 좋은 소식이 따른다는 뜻이다."
"B","nature-017","세찬 바람이 부는 꿈","흉몽","요약≈본문첫문장(0.83)","3","갑작스러운 변화를 예고하는 꿈","세찬 바람이 몰아치는 꿈은 생활이나 주변 환경에 갑작스러운 변화가 찾아올 수 있음을 예고하는 꿈으로 전해진다. 바람에 물건이 날아가거나 몸이 휘청였다면 그 변화가 다소 힘겹게 다가올 수 있다는 경고로 풀이된다. 다만 바람을 타고 시원하게 나아가는 느낌이었다면 변화가 오히려 새로운 기회로 이어질 수 있다."
"B","nature-018","흙을 파서 집으로 가져오는 꿈","길몽","요약≈본문첫문장(0.75)","3","재물을 얻게 되는 길몽","땅을 파서 얻은 흙을 집으로 가져오는 꿈은 재물을 얻게 됨을 암시하는 길몽으로 전해진다. 흙이 만물을 길러내는 근원이라는 점에서 재물과 결실의 상징으로 자연스럽게 이어졌다고 풀이된다. 흙 속에서 무언가를 발견하는 꿈으로 이어지면 그 재물의 규모가 더욱 크다는 뜻이 된다."
"B","nature-019","우물물이 마르는 꿈","흉몽","요약≈본문첫문장(0.91)","3","재산이 줄어들 수 있다는 경고","늘 물이 가득했던 우물이 바닥을 드러내며 마르는 꿈은 재산이 점점 줄어들 수 있다는 경고로 전해진다. 우물은 예로부터 마르지 않는 재물의 근원으로 여겨져 왔기에, 그것이 마른다는 것은 재물의 근원이 약해짐을 상징한다고 풀이된다. 이 꿈을 꾸었다면 불필요한 지출을 줄이고 살림을 점검해보는 것이 좋다."
"B","nature-020","드넓은 바다를 바라보는 꿈","길몽","요약≈본문첫문장(0.75)","3","큰 포부와 기회를 암시하는 길몽","끝없이 펼쳐진 바다를 바라보는 꿈은 앞으로 큰 포부를 펼치거나 새로운 기회를 만나게 됨을 암시하는 길몽으로 전해진다. 바다의 광활함이 마음속에 품은 꿈의 크기와 자연스럽게 연결되어 해석된다. 잔잔한 바다였다면 순조로운 앞날을, 파도가 거센 바다였다면 어려움을 이겨내고 성취를 이룬다는 뜻으로 풀이된다."
"B","nature-021","큰 나무를 베어 가져오는 꿈","길몽","요약≈본문첫문장(0.78)","3","큰 재물을 얻게 되는 길몽","아름드리 큰 나무를 베어 집으로 가져오는 꿈은 큰 재물을 얻게 됨을 암시하는 길몽으로 전해진다. 오랜 세월 자란 나무의 크기만큼이나 그 재물의 규모도 상당하다고 풀이된다. 나무를 베는 과정이 힘들지 않고 수월했다면 재물이 들어오는 과정 또한 순탄할 것이라는 뜻이다."
"B","nature-022","나무에서 떨어지는 꿈","흉몽","요약≈본문첫문장(0.62)","3","건강이나 안전에 유의하라는 경고","나무에 올랐다가 가지가 부러져 떨어지는 꿈은 건강이나 신변의 안전에 각별히 유의해야 한다는 경고로 전해진다. 높이 오를수록 큰 성취를 상징하는 나무 꿈에서, 떨어진다는 것은 그 성취나 지위를 잃는 것으로 풀이된다. 다치지 않고 무사히 떨어졌다면 큰 위기는 넘긴다는 뜻으로도 해석된다."
"B","nature-024","과일이 주렁주렁 열린 꿈","길몽","요약≈본문첫문장(0.90)","3","뜻밖의 횡재를 만나는 길몽","나무마다 과일이 탐스럽게 주렁주렁 열린 것을 보는 꿈은 뜻밖의 횡재를 만나게 됨을 암시하는 길몽으로 전해진다. 풍성하게 열린 열매가 곧 노력의 결실이나 예상치 못한 이득을 상징한다고 풀이된다. 그 과일을 직접 따서 맛보았다면 결실을 실제로 누리게 된다는 뜻으로 해석된다."
"A","nature-025","우물가에 뽕나무가 자라는 꿈","흉몽","요약⊂본문","3","근심스러운 일이 생길 수 있다는 경고","우물 위에 뽕나무가 자라는 것을 보는 꿈은 뜻하지 않은 근심스러운 일이 생길 수 있다는 경고로 전해진다. 맑아야 할 우물가에 낯선 나무가 자란다는 것이 상황이 어긋나고 있음을 상징한다고 풀이된다. 이 꿈을 꾸었다면 평소보다 주의를 기울여 작은 문제도 미리 살피는 것이 좋다."
"B","nature-028","구름 위를 걷는 꿈","길몽","요약≈본문첫문장(0.67)","3","편안한 마음과 좋은 소식을 암시하는 꿈","푹신한 구름 위를 걷거나 구름을 타고 다니는 꿈은 마음이 편안해지고 좋은 소식이 찾아올 것을 암시하는 길몽으로 전해진다. 발이 땅에 닿지 않는 가벼운 느낌이 근심 없는 홀가분한 상태를 상징한다고 풀이된다. 구름이 알록달록 아름다웠다면 즐거운 소식이나 인연이 함께 따른다는 뜻이다."
"B","nature-029","지진이 나서 땅이 흔들리는 꿈","흉몽","요약≈본문첫문장(0.93)","3","생활에 큰 변화가 닥칠 수 있다는 경고","땅이 크게 흔들리는 지진을 겪는 꿈은 생활 기반이나 익숙했던 환경에 큰 변화가 닥칠 수 있다는 경고로 전해진다. 늘 단단하게 여겨졌던 땅이 흔들린다는 상징이 안정적이라 믿었던 것들의 급변을 뜻한다고 풀이된다. 흔들림 속에서도 크게 다치지 않았다면 변화 속에서도 무사히 자리를 지킬 수 있다는 뜻이 된다."
"B","people-001","돌아가신 조상이 나타나 음식을 주는 꿈","길몽","요약≈본문첫문장(0.71)","3","좋은 일이 생기는 것을 알려주는 길몽","돌아가신 조상이 꿈에 나타나 음식을 건네주는 꿈은 집안에 좋은 일이 생길 것을 미리 알려주는 길몽으로 전해진다. 조상이 후손을 보살핀다는 전통적인 관념이 반영되어, 음식을 받아먹는 행위 자체가 복을 받는 것으로 풀이된다. 받은 음식이 풍성할수록 다가올 복의 크기도 크다고 전해진다."
"B","people-002","조상이 나타나 말을 건네는 꿈","길몽","요약≈본문첫문장(0.85)","3","중요한 조언이나 경고를 전하는 꿈","조상이 꿈에 나타나 무언가 말을 건네는 꿈은 살아가는 데 중요한 조언이나 경고를 전해주는 것으로 전해진다. 예로부터 조상이 등장해 말을 하면 대체로 좋은 일이 뒤따른다고 여겨져 왔다. 다만 조상의 표정이 어둡거나 근심스러웠다면 그 말의 내용을 곱씹어 실제 생활에서 주의할 점을 찾아보는 것이 좋다고 전해진다."
"B","people-004","장가가는 모습을 보는 꿈","길몽","요약≈본문첫문장(0.77)","3","경사스러운 소식을 듣게 되는 길몽","누군가 장가를 가는 모습을 지켜보는 꿈은 경사스러운 소식을 듣거나 좋은 인연이 이어지는 길몽으로 전해진다. 새로운 가정을 이루는 신랑의 모습이 밝은 미래에 대한 기대와 자연스럽게 연결되어 해석된다. 자신이 직접 결혼식의 주인공이었다면 그 기쁨이 더욱 크다는 뜻으로 풀이된다."
"B","people-007","아내가 비단옷을 입은 모습을 보는 꿈","길몽","요약≈본문첫문장(0.88)","3","귀한 자손을 얻는 태몽","아내가 화려한 비단옷을 곱게 차려입은 모습을 보는 꿈은 귀한 자손을 얻게 됨을 암시하는 태몽으로 전해진다. 비단이라는 귀한 옷감이 태어날 아이의 귀한 신분과 자연스럽게 연결되어 해석된다. 옷의 색이 화사하고 밝을수록 아이의 앞날도 밝다는 뜻으로 풀이된다."
"B","people-008","높은 관리를 만나 대면하는 꿈","길몽","요약≈본문첫문장(0.60)","3","큰 명예와 성공을 얻는 길몽","높은 지위의 관리나 상관을 직접 만나 대면하는 꿈은 크게 길한 꿈으로, 명예와 성공을 얻게 됨을 암시한다고 전해진다. 존귀한 인물과의 만남이 곧 사회적 지위의 상승과 연결되어 해석되어 온 것이다. 대화가 우호적이고 순조로웠다면 그 성취가 더욱 크다는 뜻으로 풀이된다."
"B","people-011","누군가와 바둑이나 장기를 두는 꿈","길몽","요약≈본문첫문장(0.75)","3","취직이나 승진을 암시하는 길몽","누군가와 마주 앉아 바둑이나 장기를 두는 꿈은 취직이 되거나 직장에서 좋은 자리로 영전하게 됨을 암시하는 길몽으로 전해진다. 수를 겨루어 이기는 과정이 곧 경쟁에서의 성취를 상징한다고 풀이된다. 대국에서 이겼다면 그 성취가 더욱 확실하다는 뜻으로 해석된다."
"B","people-012","상가에 문상을 가는 꿈","길몽","요약≈본문첫문장(0.64)","3","자손을 얻게 되는 뜻밖의 길몽","상갓집에 찾아가 문상을 하는 꿈은 슬픈 상황과 달리 자손을 얻게 되는 길몽으로 전해진다. 죽음과 탄생이 맞닿아 있다는 전통적 순환의 관념이 반영된 해석으로 볼 수 있다. 문상 자리에서 정중히 예를 갖추었다면 그 자손이 훗날 예의바르게 자랄 것이라는 뜻으로도 풀이된다."
"B","people-015","갓난아기를 품에 안는 꿈","길몽","요약≈본문첫문장(0.86)","3","좋은 소식과 새로운 시작을 알리는 꿈","갓난아기를 품에 안고 어르는 꿈은 좋은 소식이나 새로운 시작을 알리는 길몽으로 전해진다. 아기가 건강하고 방긋 웃었다면 앞으로의 일이 순조롭게 풀린다는 뜻으로 풀이된다. 임신을 준비 중인 사람이 이 꿈을 꾸면 태몽으로 여겨지기도 한다."
"B","people-017","누군가와 크게 다투는 꿈","길몽","요약≈본문첫문장(0.67)","3","쌓인 감정이 해소되는 꿈","꿈속에서 누군가와 언성을 높이며 크게 다투는 것은 현실에서 쌓아두었던 감정이 해소되는 과정으로 풀이된다. 실제로 다툼이 일어난다는 뜻이라기보다, 억눌렀던 스트레스가 꿈을 통해 표출되는 것으로 해석되는 경우가 많다. 다툼 끝에 화해를 하는 장면으로 이어졌다면 실제 관계도 더 좋아질 조짐으로 여겨진다."
"B","people-018","원수와 화해하는 꿈","길몽","요약≈본문첫문장(0.60)","3","오래된 갈등이 풀리는 길몽","오랫동안 사이가 좋지 않았던 사람과 화해하는 꿈은 실제 생활에서도 묵은 갈등이 풀리게 됨을 암시하는 길몽으로 전해진다. 마음의 응어리가 풀리는 과정이 꿈을 통해 미리 나타난다고 풀이된다. 화해의 악수나 포옹까지 이어졌다면 관계 회복이 더욱 확실하다는 뜻이다."
"B","people-019","유명인이나 연예인을 만나는 꿈","길몽","요약≈본문첫문장(0.91)","3","주목받는 일이 생길 수 있는 꿈","평소 동경하던 유명인이나 연예인을 직접 만나는 꿈은 자신이 주변으로부터 주목받거나 인정받는 일이 생길 수 있음을 암시한다고 풀이된다. 그 사람과 친근하게 대화를 나누었다면 실제로 원하는 목표에 한 걸음 다가가고 있다는 뜻으로 해석된다. 다만 만남이 불편하거나 어색했다면 부담스러운 관심을 받을 수 있다는 뜻도 있다."
"B","people-020","자신의 결혼식을 올리는 꿈","길몽","요약≈본문첫문장(0.79)","3","인생의 새로운 전환점을 암시하는 꿈","자신이 결혼식의 주인공이 되어 예식을 치르는 꿈은 실제 혼인 여부와 관계없이 인생의 새로운 전환점이 다가오고 있음을 암시한다고 풀이된다. 새로운 직장, 이사, 사업 시작 등 큰 변화를 앞둔 시기에 자주 나타나는 꿈으로 여겨진다. 결혼식 분위기가 밝고 화기애애했다면 그 변화가 긍정적인 방향으로 흘러간다는 뜻이다."
"B","people-021","낯선 아이가 졸졸 따라오는 꿈","길몽","요약≈본문첫문장(0.86)","3","돌봐야 할 인연이나 책임이 생기는 꿈","낯선 아이가 자신을 졸졸 따라오는 꿈은 앞으로 돌봐야 할 새로운 인연이나 책임이 생기게 됨을 암시한다고 풀이된다. 아이가 웃으며 잘 따랐다면 그 인연이 즐겁고 보람 있는 관계로 이어진다는 뜻이다. 아이를 매몰차게 뿌리쳤다면 다가온 기회나 인연을 스스로 놓칠 수 있다는 경고로도 해석된다."
"B","people-022","부모님이 환하게 웃는 꿈","길몽","요약≈본문첫문장(0.85)","3","집안에 화목과 안녕이 깃드는 길몽","부모님이 꿈속에서 환하고 밝게 웃는 모습을 보는 꿈은 집안에 화목과 안녕이 깃들게 됨을 암시하는 길몽으로 전해진다. 부모의 웃음이 자녀에게 주는 심리적 안정감이 그대로 좋은 징조로 이어진다고 풀이된다. 부모님과 함께 식사를 하며 웃었다면 가족 간의 화합이 더욱 깊어진다는 뜻이다."
"B","people-023","부모님이 우는 모습을 보는 꿈","흉몽","요약≈본문첫문장(0.75)","3","건강이나 안부를 살피라는 경고","부모님이 슬프게 우는 모습을 보는 꿈은 부모님의 건강이나 안부를 한 번 더 살펴보라는 경고로 전해진다. 평소와 다른 부모의 모습이 마음속 걱정이 꿈으로 표현된 것으로 풀이되기도 한다. 이 꿈을 꾸었다면 안부 전화를 드리거나 찾아뵙는 것이 좋다고 전해진다."
"B","people-024","임신한 여성을 보는 꿈","길몽","요약≈본문첫문장(0.62)","3","새로운 시작과 결실을 암시하는 꿈","배가 부른 임산부를 보는 꿈은 자신에게 새로운 시작이나 결실이 다가오고 있음을 암시한다고 풀이된다. 새 생명을 품은 모습이 곧 계획하던 일의 결실을 상징한다고 해석된다. 임산부가 밝고 건강해 보였다면 그 결실이 순조롭게 이루어질 것이라는 뜻이다."
"B","people-025","백발노인이 길을 알려주는 꿈","길몽","요약≈본문첫문장(0.85)","3","든든한 조력자를 만나게 되는 길몽","낯선 백발노인이 나타나 갈 길을 알려주는 꿈은 삶의 중요한 순간에 든든한 조력자를 만나게 됨을 암시하는 길몽으로 전해진다. 전통 해몽에서 신선이나 노인의 모습은 완숙한 지혜를 상징하는 존재로 여겨져 왔다. 노인이 알려준 길을 따라갔다면 그 조언을 실제로 따랐을 때 좋은 결과를 얻는다는 뜻이다."
"B","people-027","군중 속에서 길을 잃는 꿈","흉몽","요약≈본문첫문장(0.85)","3","고립감이나 소외감을 반영하는 꿈","많은 사람들 사이에서 홀로 길을 잃고 헤매는 꿈은 현재 느끼고 있는 고립감이나 소외감을 반영한다고 풀이된다. 주변에 사람은 많지만 정작 의지할 곳이 없다고 느끼는 심리 상태가 꿈으로 나타난 것으로 해석된다. 결국 누군가의 도움으로 길을 찾았다면 곧 힘이 되어줄 사람을 만나게 된다는 뜻이다."
"B","people-029","스님이나 신부님을 만나는 꿈","길몽","요약≈본문첫문장(0.77)","3","마음의 안정과 깨달음을 얻는 길몽","스님이나 신부님처럼 성직에 있는 사람을 만나는 꿈은 마음의 안정을 되찾거나 삶에 대한 깨달음을 얻게 됨을 암시하는 길몽으로 전해진다. 그들이 지닌 정갈하고 지혜로운 이미지가 마음의 평화와 자연스럽게 연결되어 해석된다. 조언이나 축원의 말을 들었다면 실제 생활에서도 위안이 되는 소식을 듣게 된다는 뜻이다."
"B","pregnancy-001","알밤을 줍는 꿈","길몽","요약≈본문첫문장(0.67)","3","똑똑한 자손을 얻는 태몽","산에서 알이 굵은 밤을 여러 개 줍는 꿈은 똑똑하고 야무진 자손을 얻게 됨을 암시하는 태몽으로 전해진다. 단단한 껍질 속에 알찬 속을 지닌 밤의 이미지가 야무진 성품과 자연스럽게 연결된다고 풀이된다. 주운 밤의 개수가 많을수록 여러 자손을 두게 된다는 뜻으로도 해석된다."
"B","pregnancy-002","대추를 따는 꿈","길몽","요약≈본문첫문장(0.92)","3","자손이 번성하는 대표적인 태몽","붉게 잘 익은 대추를 따는 꿈은 자손이 번성하고 집안이 화목해지는 대표적인 태몽으로 전해진다. 대추가 혼례 폐백에서도 다산과 자손 번창을 기원하는 과일로 쓰여온 만큼, 이 꿈은 특히 좋은 태몽으로 여겨진다. 대추를 한 움큼 따서 품에 안았다면 여러 자손을 두게 된다는 뜻으로도 풀이된다."
"B","pregnancy-003","붉은 고추를 보는 꿈","길몽","요약≈본문첫문장(0.83)","3","아들을 얻게 되는 대표적인 태몽","길쭉하고 붉은 고추를 보거나 따는 꿈은 아들을 얻게 됨을 암시하는 대표적인 태몽으로 전해진다. 고추의 생김새가 예로부터 남아 출산의 상징으로 널리 알려져 왔다. 고추가 유난히 크고 윤기가 났다면 아이가 건강하고 씩씩하게 자랄 것이라는 뜻으로 풀이된다."
"B","pregnancy-004","가지를 따는 꿈","길몽","요약≈본문첫문장(0.82)","3","딸을 얻게 되는 대표적인 태몽","보랏빛 가지를 따는 꿈은 딸을 얻게 됨을 암시하는 대표적인 태몽으로 전해진다. 갸름하고 매끄러운 가지의 생김새가 전통적으로 딸의 상징으로 여겨져 왔다. 가지가 탐스럽고 윤기가 흘렀다면 아이가 곱고 총명하게 자랄 것이라는 뜻으로 풀이된다."
"B","pregnancy-005","커다란 수박을 통째로 안는 꿈","길몽","요약≈본문첫문장(0.67)","3","크게 될 자손을 얻는 태몽","두 팔로 안기 벅찰 만큼 커다란 수박을 품에 안는 꿈은 훗날 큰 인물이 될 자손을 얻게 됨을 암시하는 태몽으로 전해진다. 수박의 묵직하고 풍성한 크기가 자손의 큰 그릇을 상징한다고 풀이된다. 수박을 갈랐을 때 속이 붉고 잘 익어 있었다면 아이가 밝고 건강하게 자란다는 뜻이다."
"B","pregnancy-006","호박이 넝쿨째 굴러 들어오는 꿈","길몽","요약≈본문첫문장(0.69)","3","재물과 자손이 함께 들어오는 태몽","커다란 호박이 넝쿨째 집 안으로 굴러 들어오는 꿈은 자손과 재물이 함께 들어오는 매우 좋은 태몽으로 전해진다. 넝쿨에 주렁주렁 달린 호박이 자손의 번성과 풍요로운 살림을 동시에 상징한다고 풀이된다. 호박이 크고 묵직할수록 그 복도 크다고 전해진다."
"B","pregnancy-007","포도송이가 주렁주렁 열린 꿈","길몽","요약≈본문첫문장(0.70)","3","자손이 번성하는 길한 태몽","알이 꽉 찬 포도송이가 주렁주렁 열린 것을 보는 꿈은 자손이 번성하고 형제자매가 우애롭게 자라게 됨을 암시하는 태몽으로 전해진다. 한 송이에 여러 알이 함께 맺히는 포도의 특성이 자손의 번성과 자연스럽게 연결된다고 풀이된다. 포도알이 유난히 굵고 달았다면 아이가 다복하게 자란다는 뜻이다."
"B","pregnancy-008","붉은 감을 따는 꿈","길몽","요약≈본문첫문장(0.85)","3","온화하고 다정한 자손을 얻는 태몽","붉게 익은 감을 나무에서 따는 꿈은 온화하고 다정한 성품의 자손을 얻게 됨을 암시하는 태몽으로 전해진다. 부드럽고 달콤한 감의 맛이 자손의 순한 성품과 자연스럽게 연결되어 해석된다. 감이 유난히 크고 달았다면 아이가 복을 많이 타고난다는 뜻으로 풀이된다."
"B","pregnancy-009","탐스러운 사과를 품에 안는 꿈","길몽","요약≈본문첫문장(0.93)","3","건강하고 사랑스러운 자손을 얻는 태몽","빨갛고 탐스러운 사과를 품에 안는 꿈은 건강하고 사랑스러운 자손을 얻게 됨을 암시하는 태몽으로 전해진다. 둥글고 윤기 나는 사과의 모습이 아이의 밝고 건강한 모습과 연결되어 풀이된다. 사과를 한 입 베어 물어 맛이 좋았다면 아이를 키우는 과정도 즐겁고 보람찰 것이라는 뜻이다."
"B","pregnancy-010","예쁜 꽃 한 송이를 선물받는 꿈","길몽","요약≈본문첫문장(0.67)","3","고운 딸을 얻게 되는 태몽","낯선 이에게 예쁜 꽃 한 송이를 선물받는 꿈은 곱고 사랑스러운 딸을 얻게 됨을 암시하는 태몽으로 전해진다. 꽃의 화사하고 여린 이미지가 딸의 태몽으로 자주 연결되어 해석되어 온 것이다. 꽃의 색이 밝고 향기로웠다면 아이가 명랑하고 사랑받는 성품으로 자란다는 뜻이다."
"B","pregnancy-011","화사한 꽃밭을 거니는 꿈","길몽","요약≈본문첫문장(0.85)","3","밝고 사랑스러운 자손을 얻는 태몽","온갖 꽃이 만발한 꽃밭을 거니는 꿈은 밝고 사랑스러운 성품의 자손을 얻게 됨을 암시하는 태몽으로 전해진다. 형형색색의 꽃들 사이를 거니는 편안한 느낌이 아이와 함께할 행복한 미래를 상징한다고 풀이된다. 꽃밭에서 마음에 드는 꽃을 직접 꺾어 안았다면 태몽의 의미가 더욱 뚜렷하다는 뜻이다."
"B","pregnancy-012","쌍둥이를 낳는 꿈","길몽","요약≈본문첫문장(0.70)","3","경사가 두 배로 겹치는 태몽","꿈속에서 쌍둥이를 낳는 것은 실제 쌍둥이 여부와 관계없이 경사스러운 일이 두 배로 겹치게 됨을 암시하는 태몽으로 전해진다. 두 생명이 동시에 태어나는 상징이 겹경사나 두 가지 좋은 소식을 뜻한다고 풀이된다. 두 아이 모두 건강하고 우렁차게 울었다면 그 경사가 더욱 확실하다는 뜻이다."
"B","pregnancy-013","별 두 개를 품에 안는 꿈","길몽","요약≈본문첫문장(0.70)","3","귀한 남매를 얻게 되는 태몽","밤하늘에서 떨어진 별 두 개를 동시에 품에 안는 꿈은 귀하고 총명한 남매를 얻게 됨을 암시하는 태몽으로 전해진다. 두 개의 반짝이는 별이라는 상징이 두 자녀의 밝은 앞날을 나타낸다고 풀이된다. 별빛이 유난히 밝고 컸다면 아이들이 크게 될 인물로 자란다는 뜻이다."
"B","pregnancy-014","조개 속에서 진주를 발견하는 꿈","길몽","요약≈본문첫문장(0.60)","3","귀한 자손을 얻게 되는 태몽","조개를 열었더니 그 안에서 영롱한 진주가 나오는 꿈은 귀하고 값진 자손을 얻게 됨을 암시하는 태몽으로 전해진다. 단단한 조개껍질 속에 숨겨진 진주의 이미지가 겉으로 드러나지 않았던 귀한 존재의 탄생을 상징한다고 풀이된다. 진주가 크고 광택이 좋았다면 아이가 남다른 재능을 지니고 태어난다는 뜻이다."
"B","pregnancy-015","금반지를 삼키는 꿈","길몽","요약≈본문첫문장(0.80)","3","귀한 자손을 얻게 되는 태몽","반짝이는 금반지를 자기도 모르게 삼키는 꿈은 귀한 자손을 얻게 됨을 암시하는 태몽으로 전해진다. 몸속에 귀한 것을 품게 된다는 상징이 태아를 품은 모습과 자연스럽게 연결되어 해석된다. 반지가 유난히 화려했다면 아이가 남다른 복을 타고난다는 뜻으로 풀이된다."
"B","pregnancy-016","큰 산을 통째로 삼키는 꿈","길몽","요약≈본문첫문장(0.73)","3","큰 인물이 될 자손을 얻는 태몽","거대한 산을 통째로 삼키는 꿈은 훗날 큰 인물이 되어 이름을 널리 알릴 자손을 얻게 됨을 암시하는 태몽으로 전해진다. 산이 지닌 웅장함과 위엄이 자손의 그릇 크기를 상징한다고 풀이된다. 삼킨 산이 유난히 높고 웅장했다면 그만큼 큰 성취를 이룰 인물이라는 뜻이다."
"B","pregnancy-017","우물물을 시원하게 떠 마시는 꿈","길몽","요약≈본문첫문장(0.92)","3","지혜롭고 총명한 자손을 얻는 태몽","맑은 우물물을 두레박으로 길어 시원하게 마시는 꿈은 지혜롭고 총명한 자손을 얻게 됨을 암시하는 태몽으로 전해진다. 맑고 깨끗한 물이 주는 청량함이 아이의 맑은 심성과 총명함을 상징한다고 풀이된다. 물맛이 유난히 달고 시원했다면 아이가 명석한 두뇌를 타고난다는 뜻이다."
"B","pregnancy-018","손에 쥔 물고기가 빠져나가는 꿈","길몽","요약≈본문첫문장(0.92)","3","태아의 건강을 살펴보라는 경고","손에 쥐고 있던 물고기가 미끄러지듯 빠져나가 버리는 꿈은 임신 중이라면 태아의 건강을 한 번 더 살펴보라는 경고로 전해진다. 손안에 있던 생명이 빠져나간다는 상징이 자칫 놓칠 수 있는 소중한 것에 대한 주의로 풀이된다. 다만 놓친 물고기를 다시 잡았다면 걱정할 만한 일이 무사히 지나간다는 뜻이다."
"B","pregnancy-019","하얀 박꽃을 보는 꿈","길몽","요약≈본문첫문장(0.85)","3","순수하고 정갈한 자손을 얻는 태몽","소박하고 새하얀 박꽃이 담장 위에 피어 있는 것을 보는 꿈은 순수하고 정갈한 성품의 자손을 얻게 됨을 암시하는 태몽으로 전해진다. 화려하지 않지만 은은한 박꽃의 매력이 꾸밈없이 착한 아이의 심성을 상징한다고 풀이된다. 박꽃이 달빛 아래 유난히 하얗게 빛났다면 아이가 맑고 고운 심성을 지니고 태어난다는 뜻이다."
"B","pregnancy-020","하늘에 걸린 무지개를 붙잡는 꿈","길몽","요약≈본문첫문장(0.62)","3","경사스러운 자손을 얻게 되는 태몽","하늘에 걸린 무지개를 손을 뻗어 붙잡는 꿈은 경사스럽고 화사한 자손을 얻게 됨을 암시하는 태몽으로 전해진다. 좀처럼 잡을 수 없는 무지개를 실제로 붙잡았다는 것이 특별한 인연을 상징한다고 풀이된다. 무지개의 색이 여러 갈래로 선명했다면 아이가 다재다능한 재주를 지니고 태어난다는 뜻이다."
"B","pregnancy-021","탐스러운 복숭아를 따서 품는 꿈","길몽","요약≈본문첫문장(0.85)","3","장수하고 복 많은 자손을 얻는 태몽","가지에서 탐스럽게 익은 복숭아를 따서 품에 안는 꿈은 장수하고 복이 많은 자손을 얻게 됨을 암시하는 태몽으로 전해진다. 예로부터 복숭아가 장수와 신선을 상징하는 과일로 여겨져 온 만큼, 이 꿈은 귀하게 여겨진다. 복숭아의 빛깔이 유난히 곱고 향이 좋았다면 아이의 앞날도 향기롭다는 뜻이다."
"B","pregnancy-022","은장도를 선물받는 꿈","길몽","요약≈본문첫문장(0.85)","3","강인하고 지조 있는 딸을 얻는 태몽","정갈하게 세공된 은장도를 선물로 받는 꿈은 강인하고 지조 있는 성품의 딸을 얻게 됨을 암시하는 태몽으로 전해진다. 은장도가 지닌 단정하고 곧은 이미지가 아이의 굳센 심지와 자연스럽게 연결되어 해석된다. 은장도의 장식이 화려하고 정교했다면 아이가 귀한 대접을 받으며 자란다는 뜻이다."
"B","pregnancy-023","실이 끊어지지 않고 길게 이어지는 꿈","길몽","요약≈본문첫문장(1.00)","3","자손이 대대로 번창하는 태몽","손에 쥔 실이 끊어지지 않고 끝없이 길게 이어지는 꿈은 자손이 대대로 번창하고 장수하게 됨을 암시하는 태몽으로 전해진다. 길게 이어지는 실의 모습이 끊이지 않는 자손의 대와 인연을 상징한다고 풀이된다. 실이 곱고 튼튼했다면 그 자손이 건강하게 오래도록 이어진다는 뜻이다."
"B","pregnancy-024","예쁜 새 신발을 선물받는 꿈","길몽","요약≈본문첫문장(0.77)","3","새로운 인연을 맞이하게 되는 태몽","곱고 예쁜 새 신발을 선물로 받는 꿈은 새로운 생명을 맞이하게 되는 태몽으로 전해진다. 새 신발이 앞으로 나아갈 새로운 길을 상징한다는 점에서, 이는 곧 새로운 가족 구성원을 맞이하는 것과 자연스럽게 연결된다. 신발이 발에 꼭 맞았다면 그 인연이 순조롭게 자리 잡는다는 뜻이다."
"B","pregnancy-025","조상이 아이를 안겨주는 꿈","길몽","요약≈본문첫문장(0.85)","3","집안의 축복 속에 자손을 얻는 태몽","돌아가신 조상이 나타나 품 안에 아이를 안겨주는 꿈은 집안의 축복 속에 귀한 자손을 얻게 됨을 암시하는 태몽으로 전해진다. 조상이 직접 아이를 건네준다는 상징이 대를 이어가는 귀한 인연을 뜻한다고 풀이된다. 조상의 표정이 온화하고 밝았다면 그 아이가 집안에 큰 복을 가져다준다는 뜻이다."
"B","pregnancy-026","만삭의 몸으로 하늘을 나는 꿈","길몽","요약≈본문첫문장(0.64)","3","순산과 건강한 출산을 암시하는 길몽","배가 부른 만삭의 몸으로 가볍게 하늘을 날아다니는 꿈은 순산하여 건강한 아이를 낳게 됨을 암시하는 길몽으로 전해진다. 무거운 몸임에도 가볍게 날아오르는 모습이 순조로운 출산 과정을 상징한다고 풀이된다. 하늘을 나는 동안 편안하고 기분이 좋았다면 산모와 아이 모두 건강하다는 뜻으로 해석된다."
"B","pregnancy-027","태아가 배 속에서 힘차게 움직이는 꿈","길몽","요약≈본문첫문장(0.87)","3","건강하고 활기찬 아이를 암시하는 길몽","임신 중 배 속의 아이가 힘차게 발길질하며 움직이는 것을 생생하게 느끼는 꿈은 건강하고 활기찬 아이가 태어나게 됨을 암시하는 길몽으로 전해진다. 힘 있게 움직이는 태동의 느낌이 아이의 왕성한 생명력을 상징한다고 풀이된다. 움직임이 규칙적이고 힘찼다면 순산과 건강한 성장으로 이어진다는 뜻이다."
"B","pregnancy-028","용이 여의주를 건네주는 꿈","길몽","요약≈본문첫문장(0.75)","3","큰 인물이 될 자손을 예고하는 최고의 태몽","하늘에서 내려온 용이 직접 여의주를 손에 쥐여주는 꿈은 훗날 큰 인물이 될 자손을 얻게 되는 최고의 태몽으로 전해진다. 용이 지닌 최고의 상서로움에 더해 여의주를 직접 건네받는다는 행위가 자손에게 큰 복이 전해짐을 상징한다고 풀이된다. 여의주가 손안에서 밝게 빛났다면 그 자손이 크게 될 인물이라는 뜻이다."
"B","pregnancy-029","오색구름이 집 위에 머무는 꿈","길몽","요약≈본문첫문장(0.93)","3","귀한 자손이 태어날 것을 알리는 태몽","알록달록한 오색구름이 집 위에 오래도록 머무는 것을 보는 꿈은 귀한 자손이 태어날 것을 알리는 상서로운 태몽으로 전해진다. 예로부터 오색구름은 신성한 존재의 강림을 알리는 징조로 여겨져 왔다. 구름이 오래도록 걷히지 않고 머물렀다면 그 복이 오래도록 집안에 머문다는 뜻이다."
"B","pregnancy-030","산신령에게 아이를 점지받는 꿈","길몽","요약≈본문첫문장(0.92)","3","정성 끝에 귀한 자손을 얻는 태몽","산신령이나 신비로운 노인이 나타나 아이를 점지해주는 꿈은 오랜 정성 끝에 귀한 자손을 얻게 됨을 암시하는 태몽으로 전해진다. 무속 신화에서도 자손을 기원하는 정성 끝에 신령이 아이를 점지해주는 이야기가 자주 등장하는 것과 맞닿아 있다. 산신령의 표정이 인자하고 온화했다면 그 아이가 큰 복을 타고난다는 뜻이다."
"B","unlucky-004","깊은 물에 빠지는 꿈","흉몽","요약≈본문첫문장(0.69)","3","곤란한 상황에 빠질 수 있다는 경고","깊은 물속에 빠져 허우적거리는 꿈은 현실에서 곤란하고 힘든 상황에 처할 수 있다는 경고로 전해진다. 발이 닿지 않는 물속에서 느끼는 무력감이 감당하기 어려운 문제와 자연스럽게 연결되어 해석된다. 물속에서 스스로 헤엄쳐 나왔다면 그 어려움을 자력으로 극복해낸다는 뜻이다."
"B","unlucky-005","불이 갑자기 꺼지는 꿈","흉몽","요약≈본문첫문장(0.64)","3","진행하던 일이 중단될 수 있다는 경고","환하게 타오르던 불이 갑자기 꺼져 어두워지는 꿈은 순조롭게 진행되던 일이 갑자기 중단되거나 힘을 잃을 수 있다는 경고로 전해진다. 밝음이 사라지고 어둠이 찾아오는 상징이 기세가 꺾이는 것을 나타낸다고 풀이된다. 꺼진 불을 다시 붙이는 데 성공했다면 곧 상황을 회복할 수 있다는 뜻이다."
"B","unlucky-006","타고 있던 배가 가라앉는 꿈","흉몽","요약≈본문첫문장(0.86)","3","진행하던 일이 좌초될 수 있다는 경고","타고 있던 배가 물속으로 가라앉는 꿈은 진행하던 사업이나 계획이 좌초될 수 있다는 경고로 전해진다. 물 위에서 안정적이어야 할 배가 가라앉는다는 것이 기반의 붕괴를 상징한다고 풀이된다. 가라앉는 배에서 무사히 탈출했다면 큰 손실 없이 위기를 피해갈 수 있다는 뜻이다."
"B","unlucky-007","건너던 다리가 무너지는 꿈","흉몽","요약≈본문첫문장(0.79)","3","진행 중인 계획에 차질이 생기는 경고","다리를 건너던 중 갑자기 다리가 무너지는 꿈은 진행 중인 계획이나 관계에 차질이 생길 수 있다는 경고로 전해진다. 이어져 있던 길이 끊어진다는 상징이 중요한 연결고리의 단절을 뜻한다고 풀이된다. 무너지기 전에 다리를 무사히 건넜다면 큰 위기를 아슬아슬하게 피해간다는 뜻이다."
"B","unlucky-008","창문이 깨지는 꿈","흉몽","요약≈본문첫문장(0.61)","3","외부로부터 위협이나 갈등을 조심하라는 경고","멀쩡하던 창문이 갑자기 깨지는 꿈은 외부로부터의 갈등이나 위협을 조심해야 한다는 경고로 전해진다. 안과 밖을 지켜주던 창문이 깨진다는 것이 보호막의 손상을 상징한다고 풀이된다. 깨진 창문을 새 것으로 갈아 끼웠다면 그 위협을 잘 대비하고 넘어간다는 뜻이다."
"B","unlucky-009","벽에 금이 가는 꿈","흉몽","요약≈본문첫문장(0.77)","3","관계나 기반에 균열이 생기는 경고","멀쩡하던 벽에 서서히 금이 가는 것을 보는 꿈은 관계나 생활의 기반에 서서히 균열이 생기고 있다는 경고로 전해진다. 튼튼해 보였던 벽의 균열이 겉으로 드러나지 않았던 문제가 서서히 드러남을 상징한다고 풀이된다. 금이 간 벽을 바로 보수했다면 문제를 조기에 해결할 수 있다는 뜻이다."
"B","unlucky-011","집에 도둑이 드는 꿈","흉몽","요약≈본문첫문장(0.75)","3","소중한 것을 잃지 않도록 조심하라는 경고","집안에 도둑이 몰래 들어오는 꿈은 소중한 것을 잃지 않도록 주의를 기울이라는 경고로 전해진다. 안전해야 할 공간에 낯선 침입자가 들어온다는 상징이 마음의 안정이 흔들릴 수 있음을 뜻한다고 풀이된다. 도둑을 쫓아내거나 붙잡았다면 위협을 스스로 물리칠 수 있다는 뜻이다."
"B","unlucky-012","물건을 도둑맞는 꿈","흉몽","요약≈본문첫문장(0.93)","3","재물이나 기회를 잃을 수 있다는 경고","아끼던 물건을 누군가에게 도둑맞는 꿈은 재물이나 좋은 기회를 잃을 수 있다는 경고로 전해진다. 자신의 것이 낯선 사람의 손에 넘어가는 상황이 손실에 대한 불안감을 반영한다고 풀이된다. 잃어버린 물건을 되찾는 데 성공했다면 손실을 최소화할 수 있다는 뜻이다."
"B","unlucky-013","길에서 크게 넘어지는 꿈","흉몽","요약≈본문첫문장(0.82)","3","체면이 상하거나 일이 지체될 수 있다는 경고","걷던 길에서 크게 넘어지는 꿈은 체면이 상하는 일을 겪거나 하던 일이 예상치 못하게 지체될 수 있다는 경고로 전해진다. 순조롭게 나아가던 걸음이 갑자기 멈추는 상징이 계획의 차질을 나타낸다고 풀이된다. 넘어진 뒤 툭툭 털고 금방 일어났다면 큰 타격 없이 다시 나아갈 수 있다는 뜻이다."
"B","unlucky-014","어두운 터널에 갇히는 꿈","흉몽","요약≈본문첫문장(1.00)","3","답답한 상황이 지속될 수 있다는 경고","끝이 보이지 않는 어두운 터널 안에 갇혀 있는 꿈은 현재의 답답한 상황이 당분간 지속될 수 있다는 경고로 전해진다. 출구를 찾지 못하는 막막함이 해결되지 않는 고민을 상징한다고 풀이된다. 저 멀리 터널 끝의 빛을 발견했다면 곧 상황이 풀릴 조짐으로 해석된다."
"B","unlucky-017","검게 흐린 강물을 보는 꿈","흉몽","요약≈본문첫문장(0.86)","3","마음이 어지럽고 근심이 쌓이는 경고","탁하고 검게 흐르는 강물을 바라보는 꿈은 마음이 어지럽고 근심스러운 일이 쌓이고 있다는 경고로 전해진다. 맑아야 할 물이 흐려진 모습이 복잡한 생각과 정리되지 않은 감정을 상징한다고 풀이된다. 강물이 점차 맑아지는 장면으로 이어졌다면 마음의 근심도 서서히 가라앉는다는 뜻이다."
"B","unlucky-020","벌레가 우글거리는 것을 보는 꿈","흉몽","요약≈본문첫문장(0.88)","3","자잘한 근심이 쌓여가는 것을 암시하는 경고","바닥이나 벽에 벌레가 잔뜩 우글거리는 것을 보는 꿈은 크지는 않지만 자잘한 근심이나 성가신 일들이 쌓여감을 암시하는 경고로 전해진다. 작지만 수가 많은 벌레의 이미지가 여러 갈래의 소소한 스트레스를 상징한다고 풀이된다. 벌레를 깨끗이 청소해 없앴다면 그 근심도 말끔히 해소된다는 뜻이다."
"B","unlucky-021","폐허가 된 집을 보는 꿈","흉몽","요약≈본문첫문장(0.93)","3","기반이 되는 것을 잃을 수 있다는 경고","익숙했던 집이 폐허처럼 무너져 있는 것을 보는 꿈은 삶의 기반이 되는 무언가를 잃을 수 있다는 경고로 전해진다. 온전했던 공간의 붕괴가 안정적인 상황의 상실을 상징한다고 풀이된다. 폐허 속에서도 소중한 물건을 찾아냈다면 어려움 속에서도 지킬 수 있는 것이 있다는 뜻이다."
"B","unlucky-023","감옥에 갇히는 꿈","흉몽","요약≈본문첫문장(0.94)","3","자유롭지 못한 상황에 놓일 수 있다는 경고","좁은 감옥에 갇혀 나가지 못하는 꿈은 현실에서 자유롭지 못하고 답답한 상황에 놓일 수 있다는 경고로 전해진다. 갇혀 있다는 물리적 제약이 마음의 압박감이나 책임에 눌린 상태를 상징한다고 풀이된다. 감옥에서 풀려나 자유를 되찾았다면 그 답답한 상황도 곧 해소된다는 뜻이다."
"B","unlucky-024","거울 속 낯선 얼굴을 보는 꿈","흉몽","요약≈본문첫문장(0.80)","3","정체성의 혼란이나 불안을 반영하는 꿈","거울을 보았는데 자신이 아닌 낯선 얼굴이 비치는 꿈은 스스로에 대한 정체성의 혼란이나 막연한 불안을 반영한다고 풀이된다. 익숙해야 할 자신의 모습이 낯설게 느껴지는 것이 현재의 심리적 동요를 나타낸다고 해석된다. 거울 속 얼굴이 점차 본래의 자기 모습으로 돌아왔다면 그 혼란도 곧 정리된다는 뜻이다."
"A","unlucky-025","검은 그림자가 뒤따라오는 꿈","흉몽","요약⊂본문","3","막연한 불안감을 조심하라는 경고","정체를 알 수 없는 검은 그림자가 계속 뒤따라오는 꿈은 마음속에 자리한 막연한 불안감을 조심하라는 경고로 전해진다. 실체는 없지만 떨쳐지지 않는 그림자가 해결되지 않은 걱정거리를 상징한다고 풀이된다. 뒤돌아서 그림자의 정체를 확인했다면 막연했던 불안의 원인을 찾아내게 된다는 뜻이다."
"B","unlucky-026","칼을 든 사람에게 쫓기는 꿈","흉몽","요약≈본문첫문장(0.80)","3","위협적인 상황을 조심하라는 강한 경고","칼을 든 낯선 사람에게 쫓기며 도망치는 꿈은 현실에서 위협적으로 느껴지는 상황이나 사람을 조심하라는 강한 경고로 전해진다. 쫓기는 다급함이 실제로 느끼는 압박감이나 스트레스를 그대로 반영한다고 풀이된다. 쫓기다가 무사히 도망쳐 안전한 곳에 이르렀다면 위협적인 상황을 잘 피해간다는 뜻이다."
"B","unlucky-028","우산이 갑자기 뒤집히는 꿈","흉몽","요약≈본문첫문장(0.94)","3","준비했던 대비책이 소용없어질 수 있다는 경고","비바람 속에서 쓰고 있던 우산이 갑자기 뒤집히는 꿈은 미리 준비했던 대비책이 예상치 못하게 소용없어질 수 있다는 경고로 전해진다. 보호막 역할을 하던 우산이 제 기능을 잃는 상징이 계획의 차질을 나타낸다고 풀이된다. 뒤집힌 우산을 바로 고쳐 다시 썼다면 문제를 빠르게 수습할 수 있다는 뜻이다."
"B","unlucky-029","검은 새 떼가 하늘을 뒤덮는 꿈","흉몽","요약≈본문첫문장(0.71)","3","불길한 기운이 몰려올 수 있다는 경고","수많은 검은 새 떼가 하늘을 온통 뒤덮는 꿈은 좋지 않은 기운이나 근심스러운 일들이 한꺼번에 몰려올 수 있다는 경고로 전해진다. 하늘을 가리는 새 떼의 이미지가 앞이 보이지 않는 불투명한 상황을 상징한다고 풀이된다. 새 떼가 흩어져 날아가 버렸다면 그 불안한 기운도 함께 흩어진다는 뜻이다."
"B","unlucky-030","썩은 동아줄을 잡는 꿈","흉몽","요약≈본문첫문장(0.75)","3","믿었던 방법이 통하지 않을 수 있다는 경고","위기에서 살기 위해 잡은 동아줄이 알고 보니 썩어 있는 꿈은 믿고 의지했던 방법이나 사람이 기대만큼 든든하지 않을 수 있다는 경고로 전해진다. 위기의 순간에 발견한 약점이 대비의 허술함을 상징한다고 풀이된다. 썩은 동아줄 대신 다른 방법으로 안전하게 내려왔다면 위기 속에서도 대안을 찾아낼 수 있다는 뜻이다."